name,review_count,score
洪崖洞民俗风貌区Hongyadong Commercial Street,7113,92
濯水古镇Zhuoshui Ancient Town,68,88
解放碑步行街Jiefangbei,3659,92
山城步道Mountain Town Trail,428,90
李子坝轻轨站Liziba Station,238,90
鹅岭公园Eling Park,382,92
磁器口古镇Ciqikou Ancient Town,11530,88
朝天门广场Chaotianmen Square,1324,88
白象居Baixiangju,7,88
千厮门大桥Qiansimen Bridge,134,94
皇冠大扶梯Crown Escalator,419,84
龚滩古镇乌江画廊,1,100
长江索道Yangtze River Cableway,3676,82
李子坝公园Liziba Park,59,90
重庆动物园Chongqing Zoo,560,94
二厂文创公园Creative Industry Park,143,86
蚩尤九黎城Chiyou Jiuli City,77,80
武隆喀斯特旅游区Wulong Tiankeng Land Slot National Geological Park,1005,92
南滨路Nanbin Road,226,90
观音桥步行街Guanyinqiao Pedestrian Street,476,90
华岩寺Huayan Temple,117,90
三峡之巅Three Gorges Summit,1,92
长寿湖Changshou Lake,198,86
涞滩古镇Laitan Ancient Town,87,90
三峡博物馆Three Gorges Museum,785,92
天主教若瑟堂St Joseph's Cathedral Chongqing,74,90
黄水国家森林公园Huangshui National Forest Park,65,86
丰都鬼城名山景区Fengdu Ghost City,477,86
阿依河景区Ayi River,225,80
黑山谷风景区Black Mountain Valley Scenic Area,1555,90
洋人街Foreigner Street,596,82
西沱古镇Xituo Old Town,42,76
北仓文创街区Zhongfu · Beicang Cultural and Creative Park,15,92
十八梯Shibati,130,84
重庆建川博物馆聚落Museum Cluster Jianchuan,31,94
重庆市南川区基督教会Chongqing Nanchuanqu Christ Church,0,0
长嘉汇弹子石老街Zhangjiahui Danzi Shilao Street,100,92
万灵古镇Wanling Ancient Town,178,92
汉海海洋公园Hanhai Ocean Park,198,84
美心红酒小镇Meixin Village of Wine,30,84
安居古城Anju ancient city,155,78
罗汉寺Luohan Temple,371,88
仙女山国家森林公园Fairy Mountain National Forest Park,1364,90
歌乐山烈士陵园Geleshan Martyrs Cemetery,137,92
南山植物园Nanshan Botanical Garden,447,88
重庆国泰艺术中心Chongqingguotai Art Center,156,90
小寨天坑风景区Xiaozha Sky Hole Scenic Area,725,88
芙蓉洞Furong Cave,659,92
重庆大学Chongqing University,158,94
四川美术学院(黄桷坪校区)Sichuan Fine Arts Institute,365,92
大圆洞风景区Dayuandong National Forest Park,2,80
大足石刻Dazu Rock Carving,1599,92
缙云山Jinyun Mountain,165,88
龙水峡地缝Longshui Gorge,1432,92
钓鱼城Diaoyu Castle,232,90
南山一棵树观景台Nanshan Tree Viewing Platform,810,88
白帝城.瞿塘峡景区Baidi City Scenic Area,618,90
湖广会馆Huguang Guild Hall,539,90
四面山Simianshan,498,90
重庆当代美术馆Chongqing Art Gallery (Jiefangbei Guotai Arts Centre),69,92
嘉陵江Jialing River,107,92
三峡之巅观景平台,0,94
重庆光环购物公园室内植物园“沐光森林”,1,80
长江三峡,44,96
武隆天生三桥Three Natural Bridges,5116,94
金佛山Jinfo Mountain,519,88
人民大礼堂Great Hall of the People,684,90
白公馆Bai Mansion,519,90
渣滓洞Zhazi Cave,716,90
巫山小三峡Wushan Little Three Gorges,466,88
白鹤梁水下博物馆Baiheliang Underwater Museum,212,92
云阳龙缸国家地质公园Yunyang Longgang National Geological Park,653,94
新华日报营业部旧址Xinhuaribaoyingyebu Site,51,92
涂山,6,88
周公馆Chongqing Zhougong Mansion,57,88
涂鸦一条街Graffiti Street,220,88
下牢溪,1,66
重庆抗战遗址博物馆Chongqing War Museum Site,32,94
朝天门码头Chaotianmen Wharf,93,84
芙蓉江Furong River Scenic Area,85,92
张飞庙Zhang Fei Temple,281,90
红岩革命纪念馆Hongyan Revolutionary Memorial Hall,98,94
武隆,5048,90
宋庆龄旧居Former Residence of Soong Ching Ling,90,90
三峡广场Three Gorges Plaza,181,90
歌乐山国家森林公园Geleshan National Forest Park,158,90
瞿塘峡Qutang Gorge,188,94
巫峡Wu Gorge,154,94
红岩魂广场Hongyanhun Square,67,90
梅园,5,90
桂园Guiyuan,59,88
西南大学Southwest University,103,96
老君洞Laojun Cave,95,92
重庆园博园Chongqing Garden Expo Park,735,94
长寿古镇Changshou Ancient Town,212,80
万州大瀑布Wanzhou Greatfalls,1893,96
碧津公园Bijin Park,197,92
泰昌古镇Dachang Ancient Town,31,78
缙云山生态旅游观光索道Jinyunshan Cableway (Northwest to Yunshan Garden),24,92
四川外国语大学Sichuan Waiguoyu University,53,92
乌江长廊,6,80
东温泉Dong Hot Spring,51,84
大韩民国临时政府旧址陈列馆Museum of Korean Provisional Government Site,40,92
重庆枇杷山公园Pipa Mountain Park,102,90
大木花谷Damuhua Valley,82,80
花卉园Flower Garden (suggested: Garden of Blooms - please see comment),181,88
重庆野生动物世界Chongqing Wildlife World,318,90
同盟国驻渝外交机构旧址群-法国水师兵营旧址French navy barracks site,40,80
(重庆黄水旅游度假区)毕兹卡绿宫Bizika Lvgong,19,98
地心探险极地Zhangguang Karst Cave Scenic Area,52,90
龙水湖旅游度假区Huayang Longshui Lake,43,82
神女溪Goddess Creek,50,84
南温泉公园South Hot Spring Park,21,76
重庆好吃街Chongqing Haochi Street,519,92
黄桷坪,17,86
西南政法大学Southwest University of Political Science and Law (South Gate),53,94
龙兴古镇Longxing Ancient Town,94,86
中山古镇Zhongshan Ancient Town,83,90
巴文化雕塑区,2,100
东溪古镇Dongxi Ancient Town,41,94
重庆珊瑚公园Coral Park,43,88
石宝寨Shibao Village,198,88
小南海Chongqing Small South Sea,150,82
临江公园,1,100
黄山蒋介石官邸Chiang Kai-shek's Residence,22,94
佛图关公园Fotuguan Park,57,90
胜天湖Shengtian Lake,9,84
龙泉洞,3,60
东水门大桥East Gate Bridge,29,88
圣灯山森林公园Shengdengshan Forest Park,53,92
乌江画廊Wujiang Gallery,294,88
小溪风景区Xiaoxi Scenic area,13,80
洪安古镇Hong'an Ancient Town,66,88
石门山石刻,0,100
武陵仙山Wuling Mountain,16,96
茶山竹海Tea Mountain and Bamboo Forest,379,82
偏岩古镇Pianyan Ancient Town,51,82
金刀峡Jindao Canyon,404,84
南山石刻Stone Carvings of South Mountain,23,92
巴渝文化会馆Former Residence of Daili,39,76
皇冠大扶梯Crown Escalator,419,84
中山四路Zhongshan 4th Road,97,90
慈云寺Ciyun Temple,45,86
中国民主建国会成立纪念碑,0,100
龚滩古镇乌江画廊,1,100
长江索道Yangtze River Cableway,3676,82
李子坝公园Liziba Park,59,90
重庆动物园Chongqing Zoo,560,94
二厂文创公园Creative Industry Park,143,86
蚩尤九黎城Chiyou Jiuli City,77,80
武隆喀斯特旅游区Wulong Tiankeng Land Slot National Geological Park,1005,92
南滨路Nanbin Road,226,90
观音桥步行街Guanyinqiao Pedestrian Street,476,90
大磨滩瀑布Motan Waterfall,16,74
武陵山国家森林公园Wuling Mountain National Forest Park,58,88
重庆千野草场景区Chongqing Qianye Grassland Scenic Spot,102,82
宝轮寺Baolun Temple,97,92
妙高山,1,100
大田湾体育馆,1,100
朝天门大桥Chaotianmen Bridge,101,88
大风堡原始森林,3,100
观音塘湿地公园Bi Mountain Wetland Park,33,92
弥陀禅院Amitabha Buddhist Temple,7,98
南坪步行街(元旦购物广场店)Nanping Pedestrian Street,104,92
姜家溶洞风景区jiangjiarongdongfeng Sceneic Area,20,64
大佛寺,3,90
路孔古镇,6,96
菜园坝长江大桥Caiyuanba Changjiang Bridge,67,94
武陵山大裂谷The Grand Rift at Wulingshan,454,90
桃花村,2,100
"杨闇公同志旧居Former Residence of Yang Angong, Tongnan",20,92
南开中学,3,86
两江国际影视城（民国街）Liangjiang International Film City (Minguo Street),273,84
民俗文化村Bayu Folk Culture Village,61,92
白马洞,1,100
张自忠将军墓General Zhang Zizhong Mausoleum,4,72
南天湖景区Nantianhu Scenic Area,52,82
巫山县博物馆Chongqing Wushan Museum,4,86
重庆图书馆Chongqing Library,59,94
皇华城遗址,2,100
大圆洞风景区Dayuandong National Forest Park,2,80
神女峰The Goddess (Shennv) Peak,104,94
"红池坝高山草场Gaoshan Meadow, Hongchi Dam",50,88
松溉古镇Songgai Ancient Town,36,88
大足石刻Dazu Rock Carving,1599,92
长寿湖Changshou Lake,198,86
小田溪巴王墓群,0,100
阿蓬江A'peng River,20,94
钓鱼城Diaoyu Castle,232,90
南山一棵树观景台Nanshan Tree Viewing Platform,810,88
白帝城.瞿塘峡景区Baidi City Scenic Area,618,90
湖广会馆Huguang Guild Hall,539,90
四面山Simianshan,498,90
重庆当代美术馆Chongqing Art Gallery (Jiefangbei Guotai Arts Centre),69,92
嘉陵江Jialing River,107,92
三峡之巅观景平台,0,94
重庆光环购物公园室内植物园“沐光森林”,1,80
樵坪山qiao ping shan,9,96
邱少云纪念馆Qiushaoyun Martyr Memorial Hall (West Gate),27,94
骆来山风景名胜区,4,74
聂荣臻元帅陈列馆NieRong ZhenYuanShuai ChenLieGuan,44,94
丰盛古镇Fengsheng Old Town,50,88
御泉河风景区Chongqing Fuling Yuquan River,7,84
万盛石林Wansheng Stone Forest,55,90
名山索桥,0,100
白云湖,0,100
龙门峡,0,100
响马河漂流,0,100
双桂堂Shuanggui Temple,47,86
卫星湖Yongchuan Weixing Lake,47,90
铁峰山国家森林公园Chongqing Tiefeng Mountain,9,0
重庆巫山十二峰Twelve Peaks of Wushan Mountain,13,96
黄瓜山百里果乡,2,100
老龙洞,0,100
仙女洞,1,100
长安汽车工业园,3,94
巴蔓子墓Ba Manzi Tomb,32,86
夏冰洞Xiabingdong,7,86
天鹅湖风景区Swan Lake,27,86
夹滩镇,2,80
恐龙化石遗址,1,100
汉风神谷﻿Jingzhuxia Hanfeng Shengu Sceneic Area,5,76
二佛寺Erfu Temple,16,90
红岩村Hongyancun,28,92
长江三峡,44,96
武隆天生三桥Three Natural Bridges,5116,94
金佛山Jinfo Mountain,519,88
人民大礼堂Great Hall of the People,684,90
白公馆Bai Mansion,519,90
渣滓洞Zhazi Cave,716,90
巫山小三峡Wushan Little Three Gorges,466,88
白鹤梁水下博物馆Baiheliang Underwater Museum,212,92
云阳龙缸国家地质公园Yunyang Longgang National Geological Park,653,94
罗汉寺Luohan Temple,371,88
仙女山国家森林公园Fairy Mountain National Forest Park,1364,90
歌乐山烈士陵园Geleshan Martyrs Cemetery,137,92
南山植物园Nanshan Botanical Garden,447,88
重庆国泰艺术中心Chongqingguotai Art Center,156,90
小寨天坑风景区Xiaozha Sky Hole Scenic Area,725,88
芙蓉洞Furong Cave,659,92
重庆大学Chongqing University,158,94
四川美术学院(黄桷坪校区)Sichuan Fine Arts Institute,365,92
刘伯承故居Liubocheng Former Residence,29,90
天子城,1,100
雨台山风景区Yutai Mountain Sceneic Area,22,78
太保祠,1,100
松林坡,1,0
孔园Kong Xiangxi Residence of Chongqing,11,94
无铭阙,0,100
栖霞宫qi xia gong,12,84
涂井汉墓群Tujing Han Tombs,6,100
黑石山Heishi Mountain,8,88
永安宫,0,100
周易园,2,100
垫江牡丹生态旅游区Dianjiang Peony Ecological Tourism Zone,45,80
三多桥白鹭园,1,100
巴岳山Bayue Mountain,26,84
聂荣臻故居Nie Rongzhen Former Residence,7,92
秀山花灯广场,1,100
梦幻谷艺云农家乐Menghuan Valley of Wulong,6,80
龙水峡地缝Longshui Gorge,1432,92
三峡之巅Three Gorges Summit,1,92
缙云山Jinyun Mountain,165,88
老君洞Laojun Cave,95,92
红岩革命纪念馆Hongyan Revolutionary Memorial Hall,98,94
武隆,5048,90
宋庆龄旧居Former Residence of Soong Ching Ling,90,90
三峡广场Three Gorges Plaza,181,90
歌乐山国家森林公园Geleshan National Forest Park,158,90
瞿塘峡Qutang Gorge,188,94
巫峡Wu Gorge,154,94
红岩魂广场Hongyanhun Square,67,90
梅园,5,90
北仓文创街区Zhongfu · Beicang Cultural and Creative Park,15,92
十八梯Shibati,130,84
重庆建川博物馆聚落Museum Cluster Jianchuan,31,94
重庆市南川区基督教会Chongqing Nanchuanqu Christ Church,0,0
长嘉汇弹子石老街Zhangjiahui Danzi Shilao Street,100,92
万灵古镇Wanling Ancient Town,178,92
汉海海洋公园Hanhai Ocean Park,198,84
美心红酒小镇Meixin Village of Wine,30,84
安居古城Anju ancient city,155,78
新华日报营业部旧址Xinhuaribaoyingyebu Site,51,92
涂山,6,88
周公馆Chongqing Zhougong Mansion,57,88
涂鸦一条街Graffiti Street,220,88
下牢溪,1,66
重庆抗战遗址博物馆Chongqing War Museum Site,32,94
朝天门码头Chaotianmen Wharf,93,84
芙蓉江Furong River Scenic Area,85,92
张飞庙Zhang Fei Temple,281,90
重庆好吃街Chongqing Haochi Street,519,92
黄桷坪,17,86
西南政法大学Southwest University of Political Science and Law (South Gate),53,94
龙兴古镇Longxing Ancient Town,94,86
中山古镇Zhongshan Ancient Town,83,90
巴文化雕塑区,2,100
东溪古镇Dongxi Ancient Town,41,94
重庆珊瑚公园Coral Park,43,88
石宝寨Shibao Village,198,88
海昌海洋探索馆,0,0
华岩寺Huayan Temple,117,90
本台寺,0,0
巴福镇天主教活动点,0,0
毗卢寺,0,0
袁家祠堂,0,0
三弯庄园,0,0
上南音寺,0,0
祠堂,0,0
红三十三军指挥部旧址,0,0
普照寺,0,0
天主教圣母堂,0,0
老鹰岩,0,0
涞滩古镇Laitan Ancient Town,87,90
三峡博物馆Three Gorges Museum,785,92
天主教若瑟堂St Joseph's Cathedral Chongqing,74,90
黄水国家森林公园Huangshui National Forest Park,65,86
丰都鬼城名山景区Fengdu Ghost City,477,86
阿依河景区Ayi River,225,80
黑山谷风景区Black Mountain Valley Scenic Area,1555,90
洋人街Foreigner Street,596,82
西沱古镇Xituo Old Town,42,76
碑垭口,0,0
陈家垭口,0,0
凯胜体育篮球公园,0,0
跳蹬河,0,0
龙泉寺,0,0
九峰山,0,0
五华山,0,0
多佛观音寺,0,0
三灵庙,0,0
黄桷溪沟,0,0
谭家祠堂,0,0
罗家垭口,0,0
长沟,0,0
大奄寺,0,0
平安寺,0,0
程家祠堂,0,0
观音山,0,0
天皇寺,0,0
西南大学Southwest University,103,96
重庆园博园Chongqing Garden Expo Park,735,94
中山四路Zhongshan 4th Road,97,90
桂园Guiyuan,59,88
长寿古镇Changshou Ancient Town,212,80
江姐入党地,0,0
慈恩寺,0,0
神女峰The Goddess (Shennv) Peak,104,94
大木花谷Damuhua Valley,82,80
花卉园Flower Garden (suggested: Garden of Blooms - please see comment),181,88
重庆野生动物世界Chongqing Wildlife World,318,90
同盟国驻渝外交机构旧址群-法国水师兵营旧址French navy barracks site,40,80
(重庆黄水旅游度假区)毕兹卡绿宫Bizika Lvgong,19,98
地心探险极地Zhangguang Karst Cave Scenic Area,52,90
龙水湖旅游度假区Huayang Longshui Lake,43,82
神女溪Goddess Creek,50,84
南温泉公园South Hot Spring Park,21,76
小南海Chongqing Small South Sea,150,82
临江公园,1,100
黄山蒋介石官邸Chiang Kai-shek's Residence,22,94
佛图关公园Fotuguan Park,57,90
胜天湖Shengtian Lake,9,84
龙泉洞,3,60
东水门大桥East Gate Bridge,29,88
圣灯山森林公园Shengdengshan Forest Park,53,92
乌江画廊Wujiang Gallery,294,88
大磨滩瀑布Motan Waterfall,16,74
武陵山国家森林公园Wuling Mountain National Forest Park,58,88
重庆千野草场景区Chongqing Qianye Grassland Scenic Spot,102,82
宝轮寺Baolun Temple,97,92
妙高山,1,100
大田湾体育馆,1,100
朝天门大桥Chaotianmen Bridge,101,88
大风堡原始森林,3,100
观音塘湿地公园Bi Mountain Wetland Park,33,92
万州大瀑布Wanzhou Greatfalls,1893,96
碧津公园Bijin Park,197,92
泰昌古镇Dachang Ancient Town,31,78
缙云山生态旅游观光索道Jinyunshan Cableway (Northwest to Yunshan Garden),24,92
四川外国语大学Sichuan Waiguoyu University,53,92
乌江长廊,6,80
东温泉Dong Hot Spring,51,84
大韩民国临时政府旧址陈列馆Museum of Korean Provisional Government Site,40,92
重庆枇杷山公园Pipa Mountain Park,102,90
小溪风景区Xiaoxi Scenic area,13,80
洪安古镇Hong'an Ancient Town,66,88
石门山石刻,0,100
武陵仙山Wuling Mountain,16,96
茶山竹海Tea Mountain and Bamboo Forest,379,82
偏岩古镇Pianyan Ancient Town,51,82
金刀峡Jindao Canyon,404,84
南山石刻Stone Carvings of South Mountain,23,92
巴渝文化会馆Former Residence of Daili,39,76
老鹰岩,0,0
黄家祠堂,0,0
大足石刻名胜风景区大足石刻宝顶山景区重庆市大足石制文物保护中心,0,0
碑垭口,0,0
红一军团司令部旧址,0,0
佛仙寺,0,0
九黎游轮,0,0
七一水库,0,0
明镜寺,0,0
观音庙,0,0
南天湖·仙街,0,0
宝林寺,0,0
卢家祠堂,0,0
何氏沟,0,0
云塘湖山庄,0,0
尖峰寺,0,0
苗丈缘,0,0
常家祠堂,0,0
樵坪山qiao ping shan,9,96
邱少云纪念馆Qiushaoyun Martyr Memorial Hall (West Gate),27,94
骆来山风景名胜区,4,74
聂荣臻元帅陈列馆NieRong ZhenYuanShuai ChenLieGuan,44,94
丰盛古镇Fengsheng Old Town,50,88
御泉河风景区Chongqing Fuling Yuquan River,7,84
万盛石林Wansheng Stone Forest,55,90
名山索桥,0,100
白云湖,0,100
中国民主建国会成立纪念碑,0,100
慈云寺Ciyun Temple,45,86
阿蓬江A'peng River,20,94
海昌海洋探索馆,0,0
雷劈石,0,0
南开中学,3,86
两江国际影视城（民国街）Liangjiang International Film City (Minguo Street),273,84
民俗文化村Bayu Folk Culture Village,61,92
白马洞,1,100
张自忠将军墓General Zhang Zizhong Mausoleum,4,72
南天湖景区Nantianhu Scenic Area,52,82
巫山县博物馆Chongqing Wushan Museum,4,86
重庆图书馆Chongqing Library,59,94
皇华城遗址,2,100
弥陀禅院Amitabha Buddhist Temple,7,98
南坪步行街(元旦购物广场店)Nanping Pedestrian Street,104,92
姜家溶洞风景区jiangjiarongdongfeng Sceneic Area,20,64
大佛寺,3,90
路孔古镇,6,96
菜园坝长江大桥Caiyuanba Changjiang Bridge,67,94
武陵山大裂谷The Grand Rift at Wulingshan,454,90
桃花村,2,100
"杨闇公同志旧居Former Residence of Yang Angong, Tongnan",20,92
黑石山Heishi Mountain,8,88
永安宫,0,100
周易园,2,100
垫江牡丹生态旅游区Dianjiang Peony Ecological Tourism Zone,45,80
三多桥白鹭园,1,100
巴岳山Bayue Mountain,26,84
聂荣臻故居Nie Rongzhen Former Residence,7,92
秀山花灯广场,1,100
梦幻谷艺云农家乐Menghuan Valley of Wulong,6,80
毗卢寺,0,0
袁家祠堂,0,0
三弯庄园,0,0
上南音寺,0,0
祠堂,0,0
红三十三军指挥部旧址,0,0
普照寺,0,0
天主教圣母堂,0,0
老鹰岩,0,0
倒坐庙,0,0
摇琴山,0,0
麻子沟,0,0
宝莲寺,0,0
皇庙水库,0,0
铁瓦寺,0,0
三教寺,0,0
观音寺,0,0
斗蓬山,0,0
观音山,0,0
西溪河,0,0
小田溪巴王墓群,0,100
松溉古镇Songgai Ancient Town,36,88
"红池坝高山草场Gaoshan Meadow, Hongchi Dam",50,88
外婆的果园,0,0
小溪沟,0,0
渝州故事刚好戏聚,0,0
石观音庙,0,0
梯子沟,0,0
五间村支部主题党日活动室,0,0
法微寺,0,0
重庆陶氏祠堂,0,0
融侨公园水上运动中心,0,0
蔡家老街,0,0
崔家祠堂,0,0
佛岩寺,0,0
水井垭口,0,0
火炉镇烈士陵园,0,0
考拉大冒险儿童乐园,0,0
古佛寺,0,0
南天花海,0,0
新桥医院-图书馆,0,0
刘伯承故居Liubocheng Former Residence,29,90
天子城,1,100
雨台山风景区Yutai Mountain Sceneic Area,22,78
太保祠,1,100
松林坡,1,0
孔园Kong Xiangxi Residence of Chongqing,11,94
无铭阙,0,100
栖霞宫qi xia gong,12,84
涂井汉墓群Tujing Han Tombs,6,100
长安汽车工业园,3,94
巴蔓子墓Ba Manzi Tomb,32,86
夏冰洞Xiabingdong,7,86
天鹅湖风景区Swan Lake,27,86
夹滩镇,2,80
恐龙化石遗址,1,100
汉风神谷﻿Jingzhuxia Hanfeng Shengu Sceneic Area,5,76
二佛寺Erfu Temple,16,90
红岩村Hongyancun,28,92
龙门峡,0,100
响马河漂流,0,100
双桂堂Shuanggui Temple,47,86
卫星湖Yongchuan Weixing Lake,47,90
铁峰山国家森林公园Chongqing Tiefeng Mountain,9,0
重庆巫山十二峰Twelve Peaks of Wushan Mountain,13,96
黄瓜山百里果乡,2,100
老龙洞,0,100
仙女洞,1,100
本台寺,0,0
紫香花海,0,0
柏树垭口,0,0
江姐入党地,0,0
巴福镇天主教活动点,0,0
碑垭口,0,0
陈家垭口,0,0
凯胜体育篮球公园,0,0
跳蹬河,0,0
龙泉寺,0,0
九峰山,0,0
五华山,0,0
多佛观音寺,0,0
三灵庙,0,0
金玉文化馆,0,0
长沟,0,0
竹溪河陡坡湿地,0,0
法隆寺,0,0
妙高寺,0,0
千佛寺,0,0
寿墩寺,0,0
报恩寺,0,0
黄金龙门,0,0
岳王庙,0,0
法主寺,0,0
红三十三军庙坝指挥部遗址,0,0
凤凰寺,0,0
灵观庙,0,0
三教寺,0,0
李家祠堂,0,0
杉术岩,0,0
天成寺,0,0
老鹰岩,0,0
黄家祠堂,0,0
大足石刻名胜风景区大足石刻宝顶山景区重庆市大足石制文物保护中心,0,0
碑垭口,0,0
红一军团司令部旧址,0,0
佛仙寺,0,0
九黎游轮,0,0
七一水库,0,0
明镜寺,0,0
黄桷溪沟,0,0
谭家祠堂,0,0
罗家垭口,0,0
长沟,0,0
大奄寺,0,0
平安寺,0,0
程家祠堂,0,0
观音山,0,0
天皇寺,0,0
文莲寺,0,0
雷劈石,0,0
慈恩寺,0,0
龙归寺,0,0
燃灯寺,0,0
王家寺,0,0
红军洞,0,0
灵山寺,0,0
宝殿寺,0,0
胡家祠堂,0,0
大乘寺,0,0
夜雨寺,0,0
龙华社区文化室,0,0
倒坐庙,0,0
摇琴山,0,0
麻子沟,0,0
宝莲寺,0,0
皇庙水库,0,0
铁瓦寺,0,0
三教寺,0,0
观音寺,0,0
斗蓬山,0,0
观音庙,0,0
南天湖·仙街,0,0
宝林寺,0,0
卢家祠堂,0,0
何氏沟,0,0
云塘湖山庄,0,0
尖峰寺,0,0
苗丈缘,0,0
常家祠堂,0,0
中国农工民主党中央机关旧址陈列馆,0,0
宝峰寺,0,0
七一水库,0,0
东风水库,0,0
丁家祠堂,0,0
舵舵石,0,0
朝金寺,0,0
方广寺,0,0
飞龙景区,0,0
观音山,0,0
上观音岩,0,0
趣萌儿童乐园,0,0
外婆的果园,0,0
小溪沟,0,0
渝州故事刚好戏聚,0,0
石观音庙,0,0
梯子沟,0,0
五间村支部主题党日活动室,0,0
法微寺,0,0
重庆陶氏祠堂,0,0
融侨公园水上运动中心,0,0
佛缘寺,0,0
园光寺,0,0
北翼亭,0,0
清明上河图,0,0
石岭山寨渝都游乐汇,0,0
观音庙,0,0
黄家垭口,0,0
风云观,0,0
三弯农家乐,0,0
弹子石后街,0,0
龙兴博物馆,0,0
三弯庄园踏青赏花园,0,0
袅子岩,0,0
竭马台,0,0
谭家祠堂,0,0
向家祠堂,0,0
悦榕温泉（北碚悦榕庄店）,0,0
非遗体验馆,0,0
柏树垭口,0,0
西溪河,0,0
龙洞沟,0,0
岳王庙,0,0
法主寺,0,0
红三十三军庙坝指挥部遗址,0,0
凤凰寺,0,0
灵观庙,0,0
三教寺,0,0
李家祠堂,0,0
杉术岩,0,0
天成寺,0,0
蔡家老街,0,0
崔家祠堂,0,0
佛岩寺,0,0
水井垭口,0,0
火炉镇烈士陵园,0,0
考拉大冒险儿童乐园,0,0
古佛寺,0,0
南天花海,0,0
新桥医院-图书馆,0,0
灵光庙,0,0
牛郎沟,0,0
飞龙寺,0,0
双溪观景平台,0,0
弥陀寺,0,0
杨家祠堂,0,0
青岩寺,0,0
明月山明月汇星空露营房车基地,0,0
仰山寺,0,0
紫香花海,0,0
三府庙,0,0
文莲寺,0,0
金玉文化馆,0,0
长沟,0,0
竹溪河陡坡湿地,0,0
法隆寺,0,0
妙高寺,0,0
千佛寺,0,0
寿墩寺,0,0
报恩寺,0,0
黄金龙门,0,0
潘家祠堂,0,0
天磐寺,0,0
新都巷步道,0,0
武隆喀斯特世界自然遗产博物馆,0,0
白鹤水库,0,0
涪陵区少年儿童图书馆,0,0
激战鲨鱼岛,0,0
夔门古象厅,0,0
忠县卫生健康委退休职工活动室,0,0
燃灯寺,0,0
王家寺,0,0
红军洞,0,0
灵山寺,0,0
宝殿寺,0,0
胡家祠堂,0,0
大乘寺,0,0
夜雨寺,0,0
龙华社区文化室,0,0
上观音岩,0,0
映月洞,0,0
峡江观景二平台,0,0
生态石林,0,0
龙归寺,0,0
石马天主堂,0,0
佛缘寺,0,0
园光寺,0,0
北翼亭,0,0
清明上河图,0,0
石岭山寨渝都游乐汇,0,0
观音庙,0,0
黄家垭口,0,0
风云观,0,0
三弯农家乐,0,0
川军血战到底景区,0,0
魔幻鬼屋,0,0
武庙,0,0
渝北龙头寺公园-儿童乐园,0,0
陈诚官邸旧址,0,0
创梦太空特展(龙湖重庆时代天街C馆店),0,0
箩架坡,0,0
铜梁黄桷门,0,0
三教寺,0,0
观音寺,0,0
仙女山文旅小镇,0,0
亨通大酒店-会议厅,0,0
莲池沟,0,0
鸡爪沟,0,0
马驴沟,0,0
西南大学-弘文图书馆(北区),0,0
红旗水库,0,0
长寿湖旅游风景区-观景平台,0,0
奇石馆,0,0
洗心瀑,0,0
水口寺景区,0,0
凤山公园坎脚,0,0
良天铺,0,0
珍珠湖景区,0,0
重庆市老干部活动室,0,0
长寿菩提山印,0,0
薄刀岭,0,0
中国农工民主党中央机关旧址陈列馆,0,0
宝峰寺,0,0
七一水库,0,0
东风水库,0,0
丁家祠堂,0,0
舵舵石,0,0
朝金寺,0,0
方广寺,0,0
飞龙景区,0,0
岩溶瀑布,0,0
燕南公园,0,0
南天湖旅游度假区体育公园,0,0
天坑地缝国家地质公园,0,0
重庆市江北嘴中央商务区中央公园-B区,0,0
石马山游乐园,0,0
钟灵湖景区,0,0
重庆市永川区图书馆(老城分馆),0,0
大洪湖景区,0,0
龙洞沟,0,0
趣萌儿童乐园,0,0
灵光庙,0,0
牛郎沟,0,0
飞龙寺,0,0
双溪观景平台,0,0
弥陀寺,0,0
杨家祠堂,0,0
青岩寺,0,0
明月山明月汇星空露营房车基地,0,0
仰山寺,0,0
弹子石后街,0,0
龙兴博物馆,0,0
三弯庄园踏青赏花园,0,0
袅子岩,0,0
竭马台,0,0
谭家祠堂,0,0
向家祠堂,0,0
悦榕温泉（北碚悦榕庄店）,0,0
非遗体验馆,0,0
老鹰沟,0,0
海狮海豹池,0,0
御临河,0,0
三府庙,0,0
曾公馆遗址,0,0
三皇庙,0,0
马家祠堂,0,0
綦江古剑山景区-净音寺上院,0,0
龙脊石,0,0
黄桷垭少年宫,0,0
方红水库,0,0
大堡礁,0,0
天坪山研学营地,0,0
童趣多儿童乐园(兰馨大道水獭云选广场店),0,0
黄山抗战旧址群-周至柔旧居,0,0
海棠烟雨,0,0
青龙寨,0,0
刘家祠堂,0,0
金佛山西坡,0,0
园博园(2口),0,0
两路街道离退休干部活动室,0,0
云台寺,0,0
雾都宾馆太阳城市老干中心,0,0
重庆抗战金融机构旧址群-聚兴诚银行旧址,0,0
徐家祠堂,0,0
綦江古剑山鉴湖林语,0,0
江北嘴中央商务区中央公园地沉花园,0,0
净音寺-下院,0,0
极速风车,0,0
关帝庙,0,0
渝北区宇樊儿童游乐场,0,0
细沙河,0,0
潘家祠堂,0,0
天磐寺,0,0
新都巷步道,0,0
武隆喀斯特世界自然遗产博物馆,0,0
白鹤水库,0,0
涪陵区少年儿童图书馆,0,0
激战鲨鱼岛,0,0
夔门古象厅,0,0
忠县卫生健康委退休职工活动室,0,0
激流勇进,0,0
青天峡,0,0
陈家祠堂,0,0
御临河,0,0
花溪河,0,0
关帝庙,0,0
御临河,0,0
土地岩瀑布,0,0
四面山国家级风景名胜区-红军桥,0,0
映月洞,0,0
老鹰沟,0,0
川军血战到底景区,0,0
魔幻鬼屋,0,0
武庙,0,0
渝北龙头寺公园-儿童乐园,0,0
陈诚官邸旧址,0,0
创梦太空特展(龙湖重庆时代天街C馆店),0,0
箩架坡,0,0
铜梁黄桷门,0,0
三教寺,0,0
三皇庙,0,0
马家祠堂,0,0
綦江古剑山景区-净音寺上院,0,0
龙脊石,0,0
黄桷垭少年宫,0,0
方红水库,0,0
大堡礁,0,0
天坪山研学营地,0,0
童趣多儿童乐园(兰馨大道水獭云选广场店),0,0
峡江观景二平台,0,0
便民饮水点(半山崖线步道1号驿站),0,0
重庆体育博物馆,0,0
石马天主堂,0,0
生态石林,0,0
马家河,0,0
观音寺,0,0
仙女山文旅小镇,0,0
亨通大酒店-会议厅,0,0
莲池沟,0,0
鸡爪沟,0,0
马驴沟,0,0
三圣寺,0,0
仙鹤石林,0,0
鱼DUODUO儿童乐园(华熙LIVE鱼洞店),0,0
仙女山任之拾光小镇,0,0
方家祠堂,0,0
云峰寺,0,0
重庆丰都南天湖旅游度假区天湖瑶池,0,0
重庆大足龙水青少年宫,0,0
荒野派森野营地,0,0
黄草山,0,0
观音寺,0,0
渣滓洞看守所旧址-参观咨询处,0,0
云风寺,0,0
岩溶瀑布,0,0
燕南公园,0,0
南天湖旅游度假区体育公园,0,0
天坑地缝国家地质公园,0,0
重庆市江北嘴中央商务区中央公园-B区,0,0
石马山游乐园,0,0
奇石馆,0,0
洗心瀑,0,0
水口寺景区,0,0
凤山公园坎脚,0,0
良天铺,0,0
珍珠湖景区,0,0
重庆市老干部活动室,0,0
长寿菩提山印,0,0
薄刀岭,0,0
三峰揽胜游览区,0,0
石峡沟,0,0
苏家祠堂,0,0
飓风飞椅,0,0
十里荷香-游乐场,0,0
卧佛,0,0
尖刀山,0,0
寻龙水乐园,0,0
西郡桂花博览园,0,0
海狮海豹池,0,0
曾公馆遗址,0,0
御临河,0,0
西南大学-弘文图书馆(北区),0,0
红旗水库,0,0
长寿湖旅游风景区-观景平台,0,0
田家祠堂,0,0
九峰山森林公园,0,0
马路河,0,0
开州区青少年宫,0,0
18米悬崖秋千,0,0
钟灵湖景区,0,0
重庆市永川区图书馆(老城分馆),0,0
大洪湖景区,0,0
黄山抗战旧址群-周至柔旧居,0,0
海棠烟雨,0,0
青龙寨,0,0
刘家祠堂,0,0
金佛山西坡,0,0
园博园(2口),0,0
两路街道离退休干部活动室,0,0
云台寺,0,0
雾都宾馆太阳城市老干中心,0,0
激流勇进,0,0
青天峡,0,0
陈家祠堂,0,0
御临河,0,0
花溪河,0,0
关帝庙,0,0
御临河,0,0
土地岩瀑布,0,0
四面山国家级风景名胜区-红军桥,0,0
重庆抗战金融机构旧址群-聚兴诚银行旧址,0,0
徐家祠堂,0,0
綦江古剑山鉴湖林语,0,0
江北嘴中央商务区中央公园地沉花园,0,0
净音寺-下院,0,0
极速风车,0,0
关帝庙,0,0
渝北区宇樊儿童游乐场,0,0
细沙河,0,0
千口坡,0,0
近月楼,0,0
青峰油菜花,0,0
通远楼,0,0
重庆体育博物馆,0,0
翼飞冲天过山车,0,0
回龙庙,0,0
重庆大学A区图书馆,0,0
万科森林公园林晖,0,0
张星桥,0,0
周家祠堂,0,0
时光故事影视主题小镇-九门仙侠小镇,0,0
飞鱼瀑,0,0
人和园盆景园,0,0
马夹沟,0,0
东晒坡,0,0
安居国家湿地公园,0,0
古剑山禅茶书院,0,0
秦家祠堂,0,0
千行营·广阳湾国际营地公园,0,0
五里坡,0,0
竹枝园碑林,0,0
天灵寺,0,0
南岸区文化艺术中心,0,0
龙塘沟,0,0
西碑林,0,0
转转杯,0,0
茶山竹海景区黛子山基地游乐园,0,0
夜郎公主峰,0,0
潼南区图书馆梓潼分馆,0,0
圣泉寺,0,0
重庆仙女山机场-落客区,0,0
触摸池,0,0
彩云阳光儿童乐园,0,0
重庆丰都南天湖旅游度假区天湖瑶池,0,0
重庆大足龙水青少年宫,0,0
荒野派森野营地,0,0
黄草山,0,0
观音寺,0,0
渣滓洞看守所旧址-参观咨询处,0,0
树人文化社,0,0
东碑林,0,0
坐井观天,0,0
四面山,0,0
新村活动室,0,0
古剑亭,0,0
老寨子,0,0
古佛寺,0,0
老瀛山景区,0,0
清幽阙,0,0
龙家垭口,0,0
财神殿,0,0
月亮潭,0,0
重庆渝北历史文化陈列馆,0,0
谭家祠堂,0,0
云风寺,0,0
开州区青少年宫,0,0
18米悬崖秋千,0,0
凤凰花漫大地,0,0
vintage奢品博物馆(观音桥店),0,0
九凤梨花山,0,0
马咀岩,0,0
凌云峰,0,0
樱花谷,0,0
观音碑,0,0
八月瓜种植园,0,0
桃源洞石刻,0,0
郑绍文故居,0,0
忠县滨江公园,0,0
鼎罐寺,0,0
大风堡景区-观景台,0,0
万州区文化馆百安坝分馆,0,0
碧津公园-观景台,0,0
工会驿站(重庆两江新区天宫殿街道东湖南路劳动者服务站点),0,0
桃李园,0,0
墨香轩,0,0
嘟嘟妈绘本阅读馆,0,0
壹号线露营地,0,0
磁器口名人墙,0,0
鲜果儿童乐园,0,0
妙音寺(八仙洞),0,0
大面坡,0,0
财神庙,0,0
小天坑,0,0
文峰观,0,0
南天湖景区-观景平台,0,0
长江,0,0
勉仁书院菩提山分院,0,0
海盗船(华岩旅游风景区店),0,0
巴岳寺,0,0
北碚体育运动公园,0,0
桔园,0,0
乘风亭,0,0
腔骨龙雕塑,0,0
吴家祠堂,0,0
丝栋林,0,0
深根子观音庙,0,0
神龟揽月观景点,0,0
大园区服务中心,0,0
三清寺,0,0
祖定寺,0,0
高山草场,0,0
孝善亭,0,0
瀚龙苑,0,0
天子山游乐园,0,0
川主庙,0,0
烟雨台,0,0
涪陵区少年宫,0,0
龙门村湿地公园,0,0
秀才湾,0,0
塔珊瑚,0,0
放生池,0,0
树叶花园,0,0
秀山博物馆-多功能厅,0,0
神女像雕塑,0,0
重庆游乐园-七彩飞椅,0,0
6号营房,0,0
天宫堂水库,0,0
MUGGLE WORLD,0,0
中国重庆抗战纺织博物馆,0,0
革命烈士永垂不朽,0,0
云门街道文化体育服务中心,0,0
水口庙,0,0
便民饮水点(半山崖线步道1号驿站),0,0
千口坡,0,0
马家河,0,0
三教寺,0,0
古剑山云端野炊营地,0,0
热洞地心游览区,0,0
天王殿,0,0
巴南区乡村学校少年宫,0,0
中国夏布博物馆,0,0
下梁渡口-露营地,0,0
北碚图书馆馆外流通点,0,0
重庆市潼南区文化馆,0,0
白鹭湖,0,0
圆门,0,0
巫山石猿,0,0
主题雕塑,0,0
九月岛,0,0
上安寺,0,0
金梅温地公园,0,0
天星台,0,0
九狮壁,0,0
地君庙,0,0
龙头嘴森林公园-露营基地,0,0
三圣寺,0,0
仙鹤石林,0,0
鱼DUODUO儿童乐园(华熙LIVE鱼洞店),0,0
仙女山任之拾光小镇,0,0
方家祠堂,0,0
云峰寺,0,0
田家祠堂,0,0
九峰山森林公园,0,0
马路河,0,0
翼飞冲天过山车,0,0
回龙庙,0,0
重庆大学A区图书馆,0,0
万科森林公园林晖,0,0
张星桥,0,0
周家祠堂,0,0
时光故事影视主题小镇-九门仙侠小镇,0,0
树人文化社,0,0
东碑林,0,0
三峰揽胜游览区,0,0
石峡沟,0,0
苏家祠堂,0,0
飓风飞椅,0,0
十里荷香-游乐场,0,0
卧佛,0,0
尖刀山,0,0
寻龙水乐园,0,0
西郡桂花博览园,0,0
狮栗林碉楼,0,0
印屏山,0,0
八卦五行阴阳宅风水,0,0
十面埋伏,0,0
花园墙,0,0
天理良心调解室,0,0
花海,0,0
扁鹊,0,0
二生庙,0,0
石家庄园,0,0
复神庙,0,0
地母庙,0,0
代家槽垭口,0,0
天地之吻,0,0
寿仙楼,0,0
矿坑花园,0,0
普陀寺,0,0
大圣庙,0,0
沉谷香,0,0
翰林坊,0,0
艺梦廊桥,0,0
观音庙,0,0
志和村马王庙,0,0
陈家垭口,0,0
垫江大酒店-会议厅,0,0
观音庵,0,0
见麓森野露营地,0,0
仙女湖,0,0
观止亭,0,0
相思树神话传说,0,0
南山寺-财神殿,0,0
石门坎,0,0
流槽河,0,0
白鹤林,0,0
石柱蜜蜂文化馆,0,0
漂草沟,0,0
毗卢寺,0,0
坐井观天,0,0
通远楼,0,0
青峰油菜花,0,0
近月楼,0,0
凤凰花漫大地,0,0
vintage奢品博物馆(观音桥店),0,0
九凤梨花山,0,0
马咀岩,0,0
凌云峰,0,0
樱花谷,0,0
古剑山云端野炊营地,0,0
茶山竹海景区黛子山基地游乐园,0,0
夜郎公主峰,0,0
潼南区图书馆梓潼分馆,0,0
圣泉寺,0,0
重庆仙女山机场-落客区,0,0
触摸池,0,0
千行营·广阳湾国际营地公园,0,0
五里坡,0,0
竹枝园碑林,0,0
天灵寺,0,0
南岸区文化艺术中心,0,0
龙塘沟,0,0
西碑林,0,0
转转杯,0,0
飞鱼瀑,0,0
人和园盆景园,0,0
马夹沟,0,0
东晒坡,0,0
安居国家湿地公园,0,0
古剑山禅茶书院,0,0
秦家祠堂,0,0
古佛寺,0,0
老瀛山景区,0,0
财神殿,0,0
清幽阙,0,0
吉林寺,0,0
热洞地心游览区,0,0
天王殿,0,0
四面山,0,0
彩云阳光儿童乐园,0,0
重庆渝北历史文化陈列馆,0,0
谭家祠堂,0,0
月亮潭,0,0
秀山博物馆-多功能厅,0,0
神女像雕塑,0,0
重庆游乐园-七彩飞椅,0,0
6号营房,0,0
天宫堂水库,0,0
MUGGLE WORLD,0,0
中国重庆抗战纺织博物馆,0,0
革命烈士永垂不朽,0,0
丝栋林,0,0
深根子观音庙,0,0
神龟揽月观景点,0,0
大园区服务中心,0,0
三清寺,0,0
祖定寺,0,0
朝天堰,0,0
仙鹤台,0,0
高通寺,0,0
灵慈庙,0,0
石旗王,0,0
云阳县沙市镇上坪村图书室,0,0
复兴村观音寺,0,0
中道廊,0,0
杨闇公生平事迹展,0,0
观音碑,0,0
八月瓜种植园,0,0
桃源洞石刻,0,0
郑绍文故居,0,0
忠县滨江公园,0,0
鼎罐寺,0,0
巴南区乡村学校少年宫,0,0
中国夏布博物馆,0,0
新村活动室,0,0
陈家祠堂,0,0
老寨子,0,0
水口庙,0,0
古剑亭,0,0
龙家垭口,0,0
云门街道文化体育服务中心,0,0
忘忧美谷,0,0
高山草场,0,0
孝善亭,0,0
瀚龙苑,0,0
下梁渡口-露营地,0,0
大风堡景区-观景台,0,0
万州区文化馆百安坝分馆,0,0
碧津公园-观景台,0,0
工会驿站(重庆两江新区天宫殿街道东湖南路劳动者服务站点),0,0
桃李园,0,0
墨香轩,0,0
嘟嘟妈绘本阅读馆,0,0
壹号线露营地,0,0
穿越时空,0,0
金蟾求凤,0,0
露营基地,0,0
帝岭·云湖高山森林度假公园,0,0
黑山谷景区-8号吊桥,0,0
大圣池,0,0
大坪上水库,0,0
石碑坡,0,0
长江,0,0
勉仁书院菩提山分院,0,0
海盗船(华岩旅游风景区店),0,0
巴岳寺,0,0
北碚体育运动公园,0,0
桔园,0,0
乘风亭,0,0
白鹭湖,0,0
圆门,0,0
巫山石猿,0,0
主题雕塑,0,0
九月岛,0,0
上安寺,0,0
金梅温地公园,0,0
磁器口名人墙,0,0
鲜果儿童乐园,0,0
妙音寺(八仙洞),0,0
大面坡,0,0
财神庙,0,0
小天坑,0,0
天子山游乐园,0,0
川主庙,0,0
烟雨台,0,0
涪陵区少年宫,0,0
龙门村湿地公园,0,0
秀才湾,0,0
塔珊瑚,0,0
缙云山生态环道(北温泉段),0,0
万寿宫,0,0
观音阁,0,0
竹海生态园,0,0
玻璃温室大棚,0,0
野芭蕉林,0,0
火神庙,0,0
中央银行东溪分行旧址,0,0
环湖小微湿地群,0,0
三教寺,0,0
聚峰寺,0,0
仙女湖,0,0
龙头嘴森林公园-露营基地,0,0
地君庙,0,0
中堂,0,0
吉林寺,0,0
王朴公园,0,0
北碚图书馆馆外流通点,0,0
将军殿,0,0
腔骨龙雕塑,0,0
吴家祠堂,0,0
天星台,0,0
九狮壁,0,0
文峰观,0,0
南天湖景区-观景平台,0,0
重庆市潼南区文化馆,0,0
放生池,0,0
树叶花园,0,0
狮栗林碉楼,0,0
印屏山,0,0
八卦五行阴阳宅风水,0,0
十面埋伏,0,0
花园墙,0,0
天理良心调解室,0,0
花海,0,0
扁鹊,0,0
二生庙,0,0
中轴水景,0,0
优家宝贝儿童乐园(金山大道店),0,0
福德寺,0,0
钻嘴观音庙,0,0
大明寺,0,0
荷花谷,0,0
木耳山登山步道,0,0
巫山七星陵园,0,0
平凯街道文化中心,0,0
观止亭,0,0
相思树神话传说,0,0
南山寺-财神殿,0,0
石门坎,0,0
流槽河,0,0
白鹤林,0,0
石柱蜜蜂文化馆,0,0
沉谷香,0,0
翰林坊,0,0
艺梦廊桥,0,0
观音庙,0,0
志和村马王庙,0,0
陈家垭口,0,0
垫江大酒店-会议厅,0,0
观音庵,0,0
石家庄园,0,0
复神庙,0,0
地母庙,0,0
代家槽垭口,0,0
天地之吻,0,0
寿仙楼,0,0
矿坑花园,0,0
普陀寺,0,0
大圣庙,0,0
老板娘坐东黄水露营基地,0,0
新天地美食公园,0,0
九龙盼龟,0,0
三层堂,0,0
朝天堰,0,0
仙鹤台,0,0
高通寺,0,0
灵慈庙,0,0
石旗王,0,0
云阳县沙市镇上坪村图书室,0,0
同心岛,0,0
重庆动物园-红嘴巨嘴鸟,0,0
归来三峡,0,0
天池,0,0
罗家祠堂,0,0
机修车间,0,0
西寺庵,0,0
重庆市江津区吴滩镇二郎寺,0,0
漂草沟,0,0
毗卢寺,0,0
见麓森野露营地,0,0
宗源欢乐塘,0,0
轿顶山,0,0
黑山谷景区-6号吊桥,0,0
萌卡纳儿童绘本创作馆,0,0
松林坡,0,0
复兴村观音寺,0,0
中道廊,0,0
杨闇公生平事迹展,0,0
观景塔,0,0
李家祠堂,0,0
来夫子故居,0,0
天王殿,0,0
重庆国际博览中心-N8展馆,0,0
玻璃球,0,0
天主堂,0,0
平湖春色,0,0
黔江区图书馆24小时自助图书馆,0,0
彭水县绍庆府遗址公园,0,0
照普光佛,0,0
乐泉公园,0,0
明心亭,0,0
猫儿岗,0,0
望乡台,0,0
沈钧儒旧居,0,0
堂年鹤,0,0
双鹰戏屏,0,0
松鼠伙伴,0,0
颜家垭口,0,0
桂林竹海,0,0
嫦娥玉瓶,0,0
陈家祠堂,0,0
潼南稻药观光走廊,0,0
铜梁县城遗址,0,0
煤炭园,0,0
玉皇庙,0,0
半边桥,0,0
狮子林,0,0
演艺台,0,0
南雅雅佛苑,0,0
鹅项山庄,0,0
黑龙江园,0,0
王爷庙,0,0
穿越时空,0,0
金蟾求凤,0,0
露营基地,0,0
帝岭·云湖高山森林度假公园,0,0
黑山谷景区-8号吊桥,0,0
大圣池,0,0
大坪上水库,0,0
石碑坡,0,0
将军殿,0,0
东岳瀑布,0,0
观音庙,0,0
梦六合景区,0,0
两江游三峡游,0,0
流云廊,0,0
奕孝亭,0,0
麒麟山玉皇观,0,0
美心索道公园5号线水库北站,0,0
沙正街社区文化室,0,0
东林阁,0,0
罗村坝观景台,0,0
思林林,0,0
巴南巨卡通乐园,0,0
宝华寺,0,0
凤鸣石,0,0
平安寺,0,0
飞龙堂,0,0
姊妹园,0,0
聚峰寺,0,0
忘忧美谷,0,0
中轴水景,0,0
优家宝贝儿童乐园(金山大道店),0,0
福德寺,0,0
钻嘴观音庙,0,0
大明寺,0,0
荷花谷,0,0
木耳山登山步道,0,0
巫山七星陵园,0,0
平凯街道文化中心,0,0
缙云山生态环道(北温泉段),0,0
万寿宫,0,0
观音阁,0,0
竹海生态园,0,0
玻璃温室大棚,0,0
野芭蕉林,0,0
火神庙,0,0
中央银行东溪分行旧址,0,0
环湖小微湿地群,0,0
东沟河,0,0
中堂,0,0
金刀峡·嗨森营地,0,0
方亭,0,0
赵坝村图书借阅点,0,0
土主庙,0,0
向商书屋馆,0,0
嘟嘟庙,0,0
方竹林海,0,0
罗家祠堂,0,0
庵子寺,0,0
老板娘坐东黄水露营基地,0,0
新天地美食公园,0,0
九龙盼龟,0,0
三层堂,0,0
宗源欢乐塘,0,0
轿顶山,0,0
黑山谷景区-6号吊桥,0,0
萌卡纳儿童绘本创作馆,0,0
松林坡,0,0
金蟾献瑞,0,0
王朴公园,0,0
同盟国驻渝外交机构旧址群-法国领事馆旧址,0,0
安娜阅读馆,0,0
川主庙,0,0
唐垭口,0,0
桂子飘香,0,0
铜梁天恩寺,0,0
温泉半岛公园,0,0
山雀与森林,0,0
卷洞门,0,0
同心岛,0,0
重庆动物园-红嘴巨嘴鸟,0,0
归来三峡,0,0
天池,0,0
罗家祠堂,0,0
机修车间,0,0
观景塔,0,0
李家祠堂,0,0
来夫子故居,0,0
西寺庵,0,0
重庆武隆·天坑寨子·阿巴措营地,0,0
嫦娥玉瓶,0,0
重庆市江津区吴滩镇二郎寺,0,0
舍身崖,0,0
天王殿,0,0
重庆国际博览中心-N8展馆,0,0
玻璃球,0,0
天主堂,0,0
平湖春色,0,0
黔江区图书馆24小时自助图书馆,0,0
彭水县绍庆府遗址公园,0,0
三境湖,0,0
何家祠堂,0,0
双照庙,0,0
千行营-乐过山丘音乐主题营地,0,0
放生池,0,0
三清观,0,0
鲤鱼池,0,0
蒋作宾先生之墓,0,0
海棠湾,0,0
煤炭园,0,0
玉皇庙,0,0
半边桥,0,0
狮子林,0,0
演艺台,0,0
南雅雅佛苑,0,0
鹅项山庄,0,0
黑龙江园,0,0
王爷庙,0,0
明心亭,0,0
猫儿岗,0,0
望乡台,0,0
沈钧儒旧居,0,0
堂年鹤,0,0
双鹰戏屏,0,0
松鼠伙伴,0,0
颜家垭口,0,0
桂林竹海,0,0
锰都大酒店-会议厅,0,0
大坡村佛陀寺大院,0,0
意园亭,0,0
林荫大道,0,0
长龙村桂花地,0,0
宝福寺,0,0
景里观景房,0,0
重庆市合川区草街街道综合文化服务中心,0,0
玉皇庙,0,0
照普光佛,0,0
乐泉公园,0,0
铜梁县城遗址,0,0
潼南稻药观光走廊,0,0
东沟河,0,0
小顽家亲子乐园,0,0
东林阁,0,0
罗村坝观景台,0,0
思林林,0,0
巴南巨卡通乐园,0,0
宝华寺,0,0
凤鸣石,0,0
平安寺,0,0
飞龙堂,0,0
姊妹园,0,0
东岳瀑布,0,0
观音庙,0,0
梦六合景区,0,0
两江游三峡游,0,0
流云廊,0,0
奕孝亭,0,0
麒麟山玉皇观,0,0
美心索道公园5号线水库北站,0,0
沙正街社区文化室,0,0
金刀峡·嗨森营地,0,0
方亭,0,0
赵坝村图书借阅点,0,0
土主庙,0,0
向商书屋馆,0,0
嘟嘟庙,0,0
方竹林海,0,0
罗家祠堂,0,0
庵子寺,0,0
广阳岛·嗨森营地,0,0
漂流河,0,0
天寨村碉楼坡,0,0
桃花公园-山顶平台,0,0
万佛寺,0,0
余家祠堂,0,0
竹海之门景区-观景台,0,0
龙吟楼,0,0
插旗山,0,0
金蟾献瑞,0,0
碧海银峰,0,0
魔石幻境3D景观台,0,0
光伏提灌观景点,0,0
枫林唱晚,0,0
仙女殿,0,0
同盟国驻渝外交机构旧址群-法国领事馆旧址,0,0
安娜阅读馆,0,0
川主庙,0,0
唐垭口,0,0
桂子飘香,0,0
铜梁天恩寺,0,0
温泉半岛公园,0,0
山雀与森林,0,0
犀牛望月,0,0
民国中央银行印钞厂旧址1940,0,0
三道朝门,0,0
易读宝有声绘本馆(铜梁万达广场店),0,0
龙兴刘家祠堂,0,0
磨盘山,0,0
圆融大足和弦,0,0
翁家祠堂,0,0
黄毛寺,0,0
寨山坪水库,0,0
观音庙,0,0
贡柚古道,0,0
龙翔寺,0,0
打沙包,0,0
院子岩,0,0
新华日报总馆旧址,0,0
打铁垭口,0,0
重庆郭沫若纪念馆-一展厅,0,0
老关庙,0,0
云台寺,0,0
梨花区,0,0
仙龙镇文化体育服务中心,0,0
云湖双桥,0,0
云湖,0,0
观音崖,0,0
大雄宝殿,0,0
龙湖重庆公园天街-旋转木马,0,0
风洞石阵,0,0
打虎岗垭,0,0
高峰庙,0,0
金华体育公园,0,0
望福寺,0,0
新山村街道新一社区综合文化服务中心,0,0
101工号-反应堆大厅,0,0
地藏殿,0,0
小华蓥山,0,0
重庆园博园-美国太空郡园站,0,0
观音庙坝,0,0
重庆凤凰军事影视主题公园,0,0
临江文化中心,0,0
周家垭口,0,0
金刀岭露营基地,0,0
天堂坡,0,0
马武镇农耕文化展览馆,0,0
重庆武隆·天坑寨子·阿巴措营地,0,0
卷洞门,0,0
望佛(福)路,0,0
金银飞瀑,0,0
龙宝寺,0,0
觉圣寺,0,0
钱庄,0,0
石梁湖生态湿地公园,0,0
重庆市涪陵区石沱镇大山村3组凤溪谷,0,0
昙花寺,0,0
玉皇观,0,0
雨仙农谷,0,0
欢乐园,0,0
穿林栈道,0,0
豪华转马,0,0
千手观音龛,0,0
重庆国际博览中心-N3展馆,0,0
重庆机电职业技术大学图书馆,0,0
梨花湾体育文化公园,0,0
任家祠堂,0,0
三境湖,0,0
何家祠堂,0,0
双照庙,0,0
千行营-乐过山丘音乐主题营地,0,0
放生池,0,0
三清观,0,0
鲤鱼池,0,0
蒋作宾先生之墓,0,0
海棠湾,0,0
长寿区棋类协会青少年活动点,0,0
小顽家亲子乐园,0,0
舍身崖,0,0
莲池,0,0
牡丹湖湿地公园-观湖台,0,0
凌云聚仙楼,0,0
七七电影院旧址,0,0
双子亭,0,0
观日台,0,0
梅华园,0,0
走马镇古迹遗址,0,0
峰中村综合文化服务中心,0,0
唐家垭口,0,0
袁家祠堂,0,0
杜娟花谷,0,0
广阳岛·嗨森营地,0,0
漂流河,0,0
天寨村碉楼坡,0,0
桃花公园-山顶平台,0,0
万佛寺,0,0
余家祠堂,0,0
竹海之门景区-观景台,0,0
龙吟楼,0,0
插旗山,0,0
锰都大酒店-会议厅,0,0
大坡村佛陀寺大院,0,0
意园亭,0,0
林荫大道,0,0
长龙村桂花地,0,0
宝福寺,0,0
景里观景房,0,0
重庆市合川区草街街道综合文化服务中心,0,0
玉皇庙,0,0
合川规划展览馆,0,0
蚂蚁土建现浇砌墙,0,0
崔家祠堂,0,0
汉砖台,0,0
七奇房车,0,0
Ai阅读馆,0,0
潭烟廊,0,0
国立音乐学院旧址纪念亭,0,0
瑜康社区文化室,0,0
黄埔寺,0,0
海棠烟雨,0,0
荣昌陶廉文化长廊,0,0
东岳庙,0,0
东林寺,0,0
摩围山革命历史陈列馆,0,0
缅怀亭,0,0
荇菜长廊,0,0
龙王庙,0,0
重庆工程学院-图书馆,0,0
魔石幻境3D景观台,0,0
天谭亭,0,0
隆兴体育公园,0,0
苦竹溪公园,0,0
寨山坪水库,0,0
观音庙,0,0
贡柚古道,0,0
龙翔寺,0,0
打沙包,0,0
院子岩,0,0
新华日报总馆旧址,0,0
打铁垭口,0,0
西禅寺,0,0
数帆楼,0,0
官坝祠堂,0,0
莲花碑,0,0
勒马石,0,0
天空之城露营地接待中心,0,0
万寿寺,0,0
马厂坝田园综合体(荷文化乡村旅游区),0,0
花龙门,0,0
暮梁子观景台,0,0
古桂树,0,0
莲趣阁,0,0
寻爱之路,0,0
作坊雕楼,0,0
荣昌区欢乐水世界,0,0
长寿菩提古镇文化旅游区-E区,0,0
农家生态小院,0,0
望佛(福)路,0,0
听风阁,0,0
光伏提灌观景点,0,0
重庆郭沫若纪念馆-一展厅,0,0
老关庙,0,0
云台寺,0,0
梨花区,0,0
仙龙镇文化体育服务中心,0,0
云湖双桥,0,0
云湖,0,0
观音崖,0,0
大雄宝殿,0,0
盛山社区长廊凤凰景点,0,0
碧海银峰,0,0
中加幼儿园爱心童书馆,0,0
天堂坡,0,0
仙女殿,0,0
马武镇农耕文化展览馆,0,0
枫林唱晚,0,0
紫薇树,0,0
管家居室,0,0
道人井,0,0
木耳镇新乡村周氏节孝牌坊,0,0
奉节县芒果影视儿童乐园,0,0
喊泉,0,0
犀牛望月,0,0
民国中央银行印钞厂旧址1940,0,0
三道朝门,0,0
易读宝有声绘本馆(铜梁万达广场店),0,0
龙兴刘家祠堂,0,0
磨盘山,0,0
圆融大足和弦,0,0
农耕体验,0,0
白鹤林,0,0
西流公园,0,0
鸿恩寺森林公园-龙脊山,0,0
黑虎庙,0,0
梅子岚垭,0,0
香树林,0,0
两湖营地,0,0
觉圣寺,0,0
钱庄,0,0
石梁湖生态湿地公园,0,0
重庆市涪陵区石沱镇大山村3组凤溪谷,0,0
昙花寺,0,0
玉皇观,0,0
雨仙农谷,0,0
地藏殿,0,0
小华蓥山,0,0
重庆园博园-美国太空郡园站,0,0
观音庙坝,0,0
重庆凤凰军事影视主题公园,0,0
临江文化中心,0,0
周家垭口,0,0
金刀岭露营基地,0,0
欢乐园,0,0
穿林栈道,0,0
豪华转马,0,0
千手观音龛,0,0
重庆国际博览中心-N3展馆,0,0
重庆机电职业技术大学图书馆,0,0
梨花湾体育文化公园,0,0
龙湖重庆公园天街-旋转木马,0,0
风洞石阵,0,0
打虎岗垭,0,0
高峰庙,0,0
金华体育公园,0,0
望福寺,0,0
新山村街道新一社区综合文化服务中心,0,0
茂花园水库,0,0
石口社区全民健身广场,0,0
封火墙,0,0
翁家祠堂,0,0
黄毛寺,0,0
观澜台,0,0
牡丹湖湿地公园-观湖台,0,0
凌云聚仙楼,0,0
龙宝寺,0,0
任家祠堂,0,0
七七电影院旧址,0,0
101工号-反应堆大厅,0,0
金银飞瀑,0,0
长寿区棋类协会青少年活动点,0,0
老年活动室,0,0
祥瑞兽,0,0
海棠烟雨,0,0
莲池,0,0
联合国际火凤凰观景台,0,0
三爷庙,0,0
天谭亭,0,0
双子亭,0,0
观日台,0,0
梅华园,0,0
走马镇古迹遗址,0,0
峰中村综合文化服务中心,0,0
唐家垭口,0,0
袁家祠堂,0,0
金佛山森林童话王国,0,0
玛瑙村狮渝山荘,0,0
鹞子岩,0,0
泉外泉,0,0
林转,0,0
观云听雨亭,0,0
连天樟,0,0
金鳞洞,0,0
九龙亭子,0,0
锁口峡,0,0
五新村文化室,0,0
陈家祠堂,0,0
前星草坪露营,0,0
骑龙泉,0,0
文昌会,0,0
摩天崖,0,0
柑橘林,0,0
荣昌陶廉文化长廊,0,0
东岳庙,0,0
东林寺,0,0
摩围山革命历史陈列馆,0,0
缅怀亭,0,0
荇菜长廊,0,0
龙王庙,0,0
重庆工程学院-图书馆,0,0
苦竹溪公园,0,0
合川规划展览馆,0,0
蚂蚁土建现浇砌墙,0,0
崔家祠堂,0,0
汉砖台,0,0
七奇房车,0,0
Ai阅读馆,0,0
潭烟廊,0,0
国立音乐学院旧址纪念亭,0,0
瑜康社区文化室,0,0
激战碰碰车,0,0
忠武堂,0,0
运斗山,0,0
吴芳吉雕像,0,0
古寨旧址,0,0
社区公园,0,0
心智青中老年文娱中心,0,0
三峡菜博物馆,0,0
悦林公园,0,0
山王庙,0,0
活的美术馆,0,0
朝光寺,0,0
健朗足球公园,0,0
祈雨庙,0,0
大渡口城市展厅,0,0
花滩雪森星空露营基地,0,0
千亩红枫林观景台,0,0
金鼎民俗文化村,0,0
西禅寺,0,0
数帆楼,0,0
官坝祠堂,0,0
莲花碑,0,0
勒马石,0,0
天空之城露营地接待中心,0,0
万寿寺,0,0
马厂坝田园综合体(荷文化乡村旅游区),0,0
听风阁,0,0
杜娟花谷,0,0
黄埔寺,0,0
摩围石林,0,0
盛山社区长廊凤凰景点,0,0
隆兴体育公园,0,0
紫薇树,0,0
管家居室,0,0
道人井,0,0
木耳镇新乡村周氏节孝牌坊,0,0
奉节县芒果影视儿童乐园,0,0
喊泉,0,0
花龙门,0,0
暮梁子观景台,0,0
古桂树,0,0
莲趣阁,0,0
寻爱之路,0,0
作坊雕楼,0,0
荣昌区欢乐水世界,0,0
牛头寺,0,0
老鼓楼衙署遗址公园,0,0
开心滑道,0,0
乡村学校少年宫,0,0
苏家垭口,0,0
韩福寺,0,0
茂花园水库,0,0
石口社区全民健身广场,0,0
封火墙,0,0
长寿菩提古镇文化旅游区-E区,0,0
农家生态小院,0,0
龚家山,0,0
松林谷野松岭欢乐营,0,0
野马寺,0,0
虎头崖,0,0
观橘亭,0,0
重庆市江津区文化馆(大同路),0,0
放生池,0,0
王家祠堂,0,0
罗家沟祠堂,0,0
东岳庙,0,0
美心儿童游乐园,0,0
巫溪镇宁厂镇文化服务中心,0,0
妙高山摩崖造像,0,0
聚星村柏树林,0,0
石佛寺宗教,0,0
九龙坡职工文化艺术中心,0,0
金竺村图书室,0,0
三合庙,0,0
南川丹若园,0,0
新植树坡,0,0
北碚静观大田水库,0,0
花坝自驾露营营地,0,0
宁波园,0,0
梨园牧歌,0,0
中国摩林莺花园,0,0
花溪河湿地公园,0,0
古降台,0,0
金凤山观景台,0,0
桂花小径,0,0
龙水湖温泉水世界主题乐园,0,0
重庆黑山谷飞行营地(起飞场),0,0
眺廊,0,0
玉皇观,0,0
定慧寺重庆长寿,0,0
水禽湖,0,0
和尚岚垭,0,0
晨晚练活动点,0,0
黄阳村文化服务中心,0,0
西山,0,0
兰英天路,0,0
二郎庙,0,0
老年活动室,0,0
中加幼儿园爱心童书馆,0,0
骆家祠堂,0,0
浪漫海洋,0,0
雉鸡藤,0,0
朝阳亭,0,0
程家祠堂,0,0
万州区余家镇铁炉村文化服务中心,0,0
钟楼,0,0
溯古林景区,0,0
太平龙王洞,0,0
人民公园-雕塑,0,0
新市街道河石井村聚贤亭,0,0
七星阁,0,0
湿地坝,0,0
金佛山森林童话王国,0,0
玛瑙村狮渝山荘,0,0
鹞子岩,0,0
泉外泉,0,0
林转,0,0
观云听雨亭,0,0
连天樟,0,0
金鳞洞,0,0
摩围石林,0,0
农耕体验,0,0
白鹤林,0,0
西流公园,0,0
鸿恩寺森林公园-龙脊山,0,0
黑虎庙,0,0
梅子岚垭,0,0
香树林,0,0
两湖营地,0,0
观澜台,0,0
蛮观寺,0,0
林荫台,0,0
白色城堡,0,0
祥瑞兽,0,0
龙灯庙会乐园,0,0
牛头寺,0,0
三爷庙,0,0
联合国际火凤凰观景台,0,0
天堂庙,0,0
佛川寺,0,0
澳大利亚布里斯班园,0,0
九龙滨江步道,0,0
将军岩,0,0
大隐城市营地,0,0
宝珠寺,0,0
双龙寺,0,0
科举制度展厅,0,0
四叶草儿童成长之家,0,0
望天观,0,0
朝阳路社区文化室,0,0
虎峰马迹,0,0
龙抬头,0,0
夔门桥,0,0
天王殿,0,0
乡村学校少年宫,0,0
许愿石,0,0
招待所旧址,0,0
仙女山国家森林公园-仙山神坑,0,0
杨家祠堂,0,0
中华吕氏文化中心巴蜀分会,0,0
綦江区图书馆(古南街道敬老分馆),0,0
禹王庙,0,0
龙泉寺,0,0
向家祠堂,0,0
九龙亭子,0,0
锁口峡,0,0
五新村文化室,0,0
陈家祠堂,0,0
前星草坪露营,0,0
骑龙泉,0,0
文昌会,0,0
摩天崖,0,0
理明村村委活动室,0,0
燕归来,0,0
水桩沟,0,0
三义宫,0,0
回龙寺观音庙,0,0
云南三七天麻,0,0
九農溪谷,0,0
龚家山,0,0
松林谷野松岭欢乐营,0,0
野马寺,0,0
虎头崖,0,0
观橘亭,0,0
重庆市江津区文化馆(大同路),0,0
放生池,0,0
兰英天路,0,0
二郎庙,0,0
山王庙,0,0
活的美术馆,0,0
朝光寺,0,0
健朗足球公园,0,0
祈雨庙,0,0
大渡口城市展厅,0,0
花滩雪森星空露营基地,0,0
千亩红枫林观景台,0,0
金鼎民俗文化村,0,0
激战碰碰车,0,0
忠武堂,0,0
运斗山,0,0
吴芳吉雕像,0,0
古寨旧址,0,0
社区公园,0,0
心智青中老年文娱中心,0,0
三峡菜博物馆,0,0
悦林公园,0,0
观自在服务区,0,0
砖多多长寿站,0,0
复元寺,0,0
铁厂河坝,0,0
柑橘林,0,0
巴将军雕塑,0,0
乡村学校少年宫,0,0
腊梅园B区,0,0
高风寺,0,0
石堡寺,0,0
逍遥潭,0,0
虚脚楼,0,0
绿逸公园,0,0
三桥迎仙区,0,0
名山寺,0,0
山王庙,0,0
广佛寺,0,0
香溪亭,0,0
壹家壹亲子乐园,0,0
庆元镇玉龙村福字岩,0,0
御景小游园,0,0
凤归寺院子,0,0
花开双凤,0,0
骆子湾垭口,0,0
寺庙(重庆义乌商贸城),0,0
拥霞,0,0
欣睿水族馆,0,0
高空荡桥,0,0
鼎山长廊,0,0
洋灰桥湿地,0,0
雷祖庙,0,0
步入三界,0,0
开心滑道,0,0
老鼓楼衙署遗址公园,0,0
冠玉亭,0,0
蛮观寺,0,0
韩福寺,0,0
苏家垭口,0,0
乡村学校少年宫,0,0
菩提圣灯,0,0
南川图书馆西城分馆,0,0
九龙坡职工文化艺术中心,0,0
金竺村图书室,0,0
三合庙,0,0
南川丹若园,0,0
新植树坡,0,0
北碚静观大田水库,0,0
花坝自驾露营营地,0,0
浪漫海洋,0,0
雉鸡藤,0,0
王家祠堂,0,0
罗家沟祠堂,0,0
东岳庙,0,0
美心儿童游乐园,0,0
巫溪镇宁厂镇文化服务中心,0,0
妙高山摩崖造像,0,0
聚星村柏树林,0,0
石佛寺宗教,0,0
骆家祠堂,0,0
酸李树牌,0,0
浅美术馆(重庆礼嘉天街北岸店),0,0
十三幺国粹文化交流中心,0,0
川主庙,0,0
绣楼,0,0
龙河谷水上乐园,0,0
仙妆亭,0,0
云峰寺,0,0
大田垭口,0,0
天堂庙,0,0
佛川寺,0,0
澳大利亚布里斯班园,0,0
九龙滨江步道,0,0
将军岩,0,0
大隐城市营地,0,0
宝珠寺,0,0
双龙寺,0,0
科举制度展厅,0,0
晨晚练活动点,0,0
黄阳村文化服务中心,0,0
西山,0,0
溯古林景区,0,0
太平龙王洞,0,0
人民公园-雕塑,0,0
新市街道河石井村聚贤亭,0,0
七星阁,0,0
湿地坝,0,0
龙水湖温泉水世界主题乐园,0,0
重庆黑山谷飞行营地(起飞场),0,0
眺廊,0,0
玉皇观,0,0
定慧寺重庆长寿,0,0
水禽湖,0,0
和尚岚垭,0,0
万州区余家镇铁炉村文化服务中心,0,0
钟楼,0,0
宁波园,0,0
梨园牧歌,0,0
中国摩林莺花园,0,0
花溪河湿地公园,0,0
古降台,0,0
金凤山观景台,0,0
桂花小径,0,0
朝阳亭,0,0
程家祠堂,0,0
岳家祠堂,0,0
何家湾体育文化公园,0,0
白色城堡,0,0
钟楼,0,0
白鹤林,0,0
八公里社区文化室,0,0
龙腾阁,0,0
开心农场,0,0
重庆市江北区五宝实验学校少年宫,0,0
龙王槽花地,0,0
山湾塘,0,0
幸福书屋24小时自助图书馆,0,0
望乡台,0,0
老祠堂,0,0
观音庙,0,0
文庙村周教,0,0
抚我孑遗碑,0,0
国华中学遗址,0,0
周家祠堂,0,0
挹翠亭,0,0
箕山,0,0
招待所旧址,0,0
仙女山国家森林公园-仙山神坑,0,0
杨家祠堂,0,0
中华吕氏文化中心巴蜀分会,0,0
綦江区图书馆(古南街道敬老分馆),0,0
禹王庙,0,0
龙泉寺,0,0
向家祠堂,0,0
复元寺,0,0
奉节卓越书院,0,0
情人坡,0,0
琵琶洞,0,0
双桂山国家森林公园-昂首的白鹿,0,0
东水门,0,0
重庆市红池坝国家森林公园汽车露营地,0,0
三清庙,0,0
云阳老县城微观模型,0,0
爱星儿童发展中心,0,0
龙灯庙会乐园,0,0
林荫台,0,0
观自在服务区,0,0
托托儿童坊(重庆大足吾悦广场店),0,0
天恩堂,0,0
小天池,0,0
重庆动物园-马来熊,0,0
药王观,0,0
马鞍山,0,0
梦溪湉园湿地公园,0,0
红岩寺,0,0
重庆青年职业技术学院(北碚校区)-图书馆,0,0
金阙台,0,0
王家大院,0,0
龙河右岸生态廊道,0,0
学堂包,0,0
雨先山,0,0
横山花仙谷游牧营地NomadsCamp,0,0
清太庙,0,0
银恒寺院子,0,0
仙女山国家森林公园-旅游纪念林,0,0
圣灯寺,0,0
高空速滑2号线,0,0
江池镇横梁村法治图书室,0,0
理明村村委活动室,0,0
燕归来,0,0
水桩沟,0,0
三义宫,0,0
回龙寺观音庙,0,0
云南三七天麻,0,0
九農溪谷,0,0
巴将军雕塑,0,0
乡村学校少年宫,0,0
四叶草儿童成长之家,0,0
望天观,0,0
朝阳路社区文化室,0,0
虎峰马迹,0,0
龙抬头,0,0
夔门桥,0,0
天王殿,0,0
乡村学校少年宫,0,0
许愿石,0,0
腊梅园B区,0,0
高风寺,0,0
石堡寺,0,0
逍遥潭,0,0
虚脚楼,0,0
绿逸公园,0,0
三桥迎仙区,0,0
菩提圣灯,0,0
南川图书馆西城分馆,0,0
铁厂河坝,0,0
砖多多长寿站,0,0
茗园,0,0
冠玉亭,0,0
翠湖路社区文化,0,0
骆子湾垭口,0,0
寺庙(重庆义乌商贸城),0,0
拥霞,0,0
欣睿水族馆,0,0
高空荡桥,0,0
鼎山长廊,0,0
洋灰桥湿地,0,0
雷祖庙,0,0
步入三界,0,0
名山寺,0,0
山王庙,0,0
广佛寺,0,0
香溪亭,0,0
壹家壹亲子乐园,0,0
庆元镇玉龙村福字岩,0,0
御景小游园,0,0
凤归寺院子,0,0
花开双凤,0,0
代家垭口,0,0
李家祠堂,0,0
珠帘壁合,0,0
山王庙,0,0
半边街,0,0
神祖灵童浮雕墙,0,0
中央城市花海公园,0,0
三道碑居民点,0,0
飞鹰亭,0,0
酸李树牌,0,0
浅美术馆(重庆礼嘉天街北岸店),0,0
十三幺国粹文化交流中心,0,0
川主庙,0,0
绣楼,0,0
龙河谷水上乐园,0,0
仙妆亭,0,0
云峰寺,0,0
大田垭口,0,0
魁星阁,0,0
观音岩驿站,0,0
青年水库,0,0
重庆铜锣山矿山公园-观光小火车3号站点,0,0
听涛廊,0,0
周家祠堂,0,0
石笋山孔雀湖,0,0
观湖远眺,0,0
龚氏门庭,0,0
何家湾体育文化公园,0,0
重庆工业职业技术学院-图书馆,0,0
高空秋千,0,0
望乡台,0,0
老祠堂,0,0
观音庙,0,0
文庙村周教,0,0
抚我孑遗碑,0,0
国华中学遗址,0,0
周家祠堂,0,0
挹翠亭,0,0
箕山,0,0
天鹅回首,0,0
重庆南山植物园-图书馆,0,0
宝拉的创意乐园(诗城西路店),0,0
五通庙,0,0
沈家祠堂,0,0
云江叙事,0,0
石缸村图书室,0,0
尖山寺,0,0
孔雀明王窟,0,0
三合碑,0,0
立碑石,0,0
松涛榭,0,0
奇峰寺,0,0
肿头龙雕塑,0,0
临江寺,0,0
新牌坊嘉州新光天地/解放碑十八梯洪崖洞/朝天门/上清寺大礼堂/李子坝穿楼贰厂/磁器口/观音桥九街/紫,0,0
陶源台,0,0
口袋公园,0,0
岳家祠堂,0,0
板桥历史文化馆,0,0
爱星儿童发展中心,0,0
钟楼,0,0
白鹤林,0,0
八公里社区文化室,0,0
龙腾阁,0,0
开心农场,0,0
重庆市江北区五宝实验学校少年宫,0,0
龙王槽花地,0,0
山湾塘,0,0
幸福书屋24小时自助图书馆,0,0
星光体育公园,0,0
黄山抗战旧址群-云峰楼,0,0
邓家村游乐场,0,0
府文公园,0,0
堰溪沟,0,0
炳墙,0,0
学堂包,0,0
雨先山,0,0
横山花仙谷游牧营地NomadsCamp,0,0
清太庙,0,0
银恒寺院子,0,0
仙女山国家森林公园-旅游纪念林,0,0
圣灯寺,0,0
高空速滑2号线,0,0
奉节卓越书院,0,0
情人坡,0,0
琵琶洞,0,0
双桂山国家森林公园-昂首的白鹿,0,0
东水门,0,0
重庆市红池坝国家森林公园汽车露营地,0,0
三清庙,0,0
天恩堂,0,0
小天池,0,0
托托儿童坊(重庆大足吾悦广场店),0,0
仙人洞,0,0
云阳老县城微观模型,0,0
茗园,0,0
木耳山寨,0,0
风之森林极简露营地,0,0
药师殿,0,0
江池镇横梁村法治图书室,0,0
C97文创公园,0,0
紫薇园,0,0
樟木生态体验观光园,0,0
菩萨寺,0,0
厂口厅,0,0
净音精舍,0,0
竹径幽幽,0,0
响水观音寺,0,0
枕羽湖,0,0
重庆动物园-马来熊,0,0
药王观,0,0
马鞍山,0,0
梦溪湉园湿地公园,0,0
红岩寺,0,0
重庆青年职业技术学院(北碚校区)-图书馆,0,0
金阙台,0,0
王家大院,0,0
龙河右岸生态廊道,0,0
代家垭口,0,0
李家祠堂,0,0
珠帘壁合,0,0
山王庙,0,0
半边街,0,0
神祖灵童浮雕墙,0,0
中央城市花海公园,0,0
三道碑居民点,0,0
飞鹰亭,0,0
高空秋千,0,0
翠湖路社区文化,0,0
双峰寺,0,0
巴南互助水库,0,0
三合碑,0,0
立碑石,0,0
松涛榭,0,0
奇峰寺,0,0
肿头龙雕塑,0,0
临江寺,0,0
新牌坊嘉州新光天地/解放碑十八梯洪崖洞/朝天门/上清寺大礼堂/李子坝穿楼贰厂/磁器口/观音桥九街/紫,0,0
陶源台,0,0
魁星阁,0,0
观音岩驿站,0,0
青年水库,0,0
重庆铜锣山矿山公园-观光小火车3号站点,0,0
听涛廊,0,0
周家祠堂,0,0
石笋山孔雀湖,0,0
左氏宗教堂,0,0
万年冰臼,0,0
珊瑚瑶池,0,0
童之翼儿童乐园,0,0
重庆武当松溪文化馆,0,0
重庆市长寿区十里柚乡生态旅游区,0,0
巴南清溪寺,0,0
牌楼街道综合文化服务中心,0,0
华生园博物馆,0,0
芙蓉仙女峰,0,0
广益街社区文化室,0,0
乐和乐都萌萌哒手绘吧,0,0
沿溪沟,0,0
飞鹅石,0,0
铁线沟,0,0
雨坛庙,0,0
重庆梨博园,0,0
孝心坊,0,0
重庆工业职业技术学院-图书馆,0,0
板桥历史文化馆,0,0
口袋公园,0,0
陶家坪观景台,0,0
观湖远眺,0,0
龚氏门庭,0,0
天鹅回首,0,0
重庆南山植物园-图书馆,0,0
宝拉的创意乐园(诗城西路店),0,0
五通庙,0,0
沈家祠堂,0,0
云江叙事,0,0
石缸村图书室,0,0
星光体育公园,0,0
黄山抗战旧址群-云峰楼,0,0
邓家村游乐场,0,0
府文公园,0,0
堰溪沟,0,0
炳墙,0,0
木耳山寨,0,0
久述评理堂,0,0
魏家祠堂,0,0
上王爷庙,0,0
石宝寨景区-临展室,0,0
孟浩然故居,0,0
重庆市长寿区云集镇大胜村图书室,0,0
季泉,0,0
母家山,0,0
重庆小能人儿童馆,0,0
桥头湖畔露营基地,0,0
统景峡猿,0,0
尖山寺,0,0
孔雀明王窟,0,0
仙人洞,0,0
风之森林极简露营地,0,0
药师殿,0,0
莫家祠堂,0,0
千年古银杏,0,0
世界佛学院汉藏教理苑旧址,0,0
重庆市万州傣族园,0,0
龙井古井,0,0
巴川街道文化中心,0,0
太平村罗盘石,0,0
傅抱石抗战时期绘画作品展,0,0
金佛洞环步道,0,0
开州区青少年宫滨湖中心,0,0
川主庙,0,0
红光小学退休教师活动室,0,0
重庆市永川南山寺,0,0
绝密游氏技术,0,0
石照县衙,0,0
高庙社区综合文化服务中心,0,0
梦幻谷-露营地,0,0
泗寺庵,0,0
潜龙飞瀑,0,0
多坡坝村法治图书室,0,0
双花村垃圾分类亭,0,0
椅子山,0,0
清代五百罗汉,0,0
夜蚊子包,0,0
新民村社区健康主题公园,0,0
云谷展厅,0,0
杨柳树垭口,0,0
逍遥水母,0,0
闲趣闻莺,0,0
杨家祠堂,0,0
敬祝寺,0,0
奇趣多儿童亲子乐园,0,0
万州北站-上车点,0,0
枇杷文化展示馆,0,0
灵官殿,0,0
C97文创公园,0,0
紫薇园,0,0
樟木生态体验观光园,0,0
菩萨寺,0,0
厂口厅,0,0
净音精舍,0,0
竹径幽幽,0,0
响水观音寺,0,0
枕羽湖,0,0
巴南互助水库,0,0
仙女山国家森林公园-射箭,0,0
王江庙,0,0
张家祠堂,0,0
芙蓉仙女峰,0,0
广益街社区文化室,0,0
乐和乐都萌萌哒手绘吧,0,0
沿溪沟,0,0
飞鹅石,0,0
铁线沟,0,0
雨坛庙,0,0
重庆梨博园,0,0
孝心坊,0,0
双峰寺,0,0
巴山房车驿站,0,0
左氏宗教堂,0,0
万年冰臼,0,0
珊瑚瑶池,0,0
童之翼儿童乐园,0,0
重庆武当松溪文化馆,0,0
重庆市长寿区十里柚乡生态旅游区,0,0
巴南清溪寺,0,0
牌楼街道综合文化服务中心,0,0
华生园博物馆,0,0
茶坞,0,0
宁厂镇盐泉社区龙君庙,0,0
天主堂,0,0
中包,0,0
专业刻碑修坟,0,0
杨家垭口,0,0
田野玉竹花园-东区,0,0
熊石峰,0,0
陶家坪观景台,0,0
虎威镇鸣羊村文化服务中心,0,0
久述评理堂,0,0
魏家祠堂,0,0
上王爷庙,0,0
石宝寨景区-临展室,0,0
孟浩然故居,0,0
重庆市长寿区云集镇大胜村图书室,0,0
季泉,0,0
莫家祠堂,0,0
千年古银杏,0,0
显灵寺,0,0
祖寺堂,0,0
孙尚香雕塑,0,0
珍珠泉,0,0
南山文化中心,0,0
植雕恐龙园,0,0
地狱探险,0,0
重庆开岳文化传媒中心,0,0
百朝门,0,0
两心相悦雕塑,0,0
重庆小能人儿童馆,0,0
药王寺,0,0
红光小学退休教师活动室,0,0
重庆市永川南山寺,0,0
绝密游氏技术,0,0
石照县衙,0,0
高庙社区综合文化服务中心,0,0
梦幻谷-露营地,0,0
泗寺庵,0,0
仙女山国家森林公园-射箭,0,0
王江庙,0,0
偏石塔,0,0
竹音廊,0,0
七斗河景区-观景台,0,0
山王庙,0,0
圣火坛,0,0
观音寺,0,0
骑龙乾,0,0
跳墩河公园,0,0
迎恩门,0,0
三角寺,0,0
西沱镇云梯社区望夫台,0,0
幸福公园-观景台,0,0
大山坡,0,0
熊小跳阅读中心,0,0
园觉寺旧址,0,0
福寿寺,0,0
王爷庙,0,0
惠通寺,0,0
杉木岩村茶山,0,0
望江亭,0,0
倡廉园,0,0
科学公园,0,0
永川石松,0,0
揽月亭,0,0
重庆财经职业学院-图书馆,0,0
袁家祠堂,0,0
亢谷十景·野人溪,0,0
风背岩,0,0
铁佛寺,0,0
浪漫花海,0,0
大进镇天保寨村村史馆,0,0
石柱县冒顶山公园鼓楼,0,0
白家山,0,0
尹家堡顶,0,0
5号导洞,0,0
云台滨河公园,0,0
赤穴,0,0
香湖草亭,0,0
照壁,0,0
统景峡猿,0,0
桥头湖畔露营基地,0,0
刘家祠堂,0,0
逍遥水母,0,0
闲趣闻莺,0,0
杨家祠堂,0,0
敬祝寺,0,0
奇趣多儿童亲子乐园,0,0
万州北站-上车点,0,0
枇杷文化展示馆,0,0
灵官殿,0,0
张家祠堂,0,0
潜龙飞瀑,0,0
多坡坝村法治图书室,0,0
双花村垃圾分类亭,0,0
椅子山,0,0
清代五百罗汉,0,0
夜蚊子包,0,0
新民村社区健康主题公园,0,0
云谷展厅,0,0
杨柳树垭口,0,0
月台寺,0,0
黄家垭口,0,0
滨江公园游乐场,0,0
佛印山,0,0
心心相印,0,0
深沟谭氏大院,0,0
蟒蛇谷,0,0
重庆市少年儿童图书馆(卢作孚纪念馆分馆),0,0
盐井溪,0,0
母家山,0,0
药王寺,0,0
巴山房车驿站,0,0
世界佛学院汉藏教理苑旧址,0,0
重庆市万州傣族园,0,0
龙井古井,0,0
巴川街道文化中心,0,0
太平村罗盘石,0,0
傅抱石抗战时期绘画作品展,0,0
金佛洞环步道,0,0
开州区青少年宫滨湖中心,0,0
川主庙,0,0
偏石塔,0,0
竹音廊,0,0
七斗河景区-观景台,0,0
山王庙,0,0
圣火坛,0,0
观音寺,0,0
骑龙乾,0,0
跳墩河公园,0,0
迎恩门,0,0
茶坞,0,0
宁厂镇盐泉社区龙君庙,0,0
天主堂,0,0
中包,0,0
专业刻碑修坟,0,0
杨家垭口,0,0
田野玉竹花园-东区,0,0
熊石峰,0,0
虎威镇鸣羊村文化服务中心,0,0
陈望道旧居(重庆北碚东阳街道),0,0
廖家祠堂,0,0
卧龙矸,0,0
龙垭口观景台,0,0
自控飞机,0,0
松下问梨,0,0
重庆文理学院图书馆,0,0
黄琼玉趣露营(寺院坪木水井),0,0
龙吟九天,0,0
王家坝菩萨,0,0
长江,0,0
魔镜迷宫,0,0
李氏宗祠,0,0
绍隆寺,0,0
牧牛图,0,0
七仙桥,0,0
城市记忆展陈馆,0,0
秦家祠堂,0,0
古源亭,0,0
十八半树,0,0
合川区文化馆易砚堂分馆,0,0
潘家祠堂,0,0
菩提孝壁,0,0
石影亭,0,0
南温泉滨江长廊,0,0
宋代官窑品鉴馆,0,0
古刹禅林,0,0
宝塔,0,0
日光自然村索滑道,0,0
莲花池,0,0
祖师庙,0,0
帝岭云湖,0,0
牛王寺,0,0
陕建重庆山水文园水乐园项目经理部,0,0
天池,0,0
鸿恩阁,0,0
重庆市江津区四面山镇龙山寺,0,0
东斯拉夫民族馆(WFC环球金融购物中心店),0,0
149长情梯,0,0
三块碑,0,0
大峧岩,0,0
翔飞亭,0,0
四叶草乡村书屋,0,0
文昌宫,0,0
红池云乡旅游区-观景台,0,0
觉林寺,0,0
骁战海石基地,0,0
盘古互晓月坊,0,0
红枫生态公园,0,0
投桃报李雕塑,0,0
谢家祠堂,0,0
童萌酷,0,0
柚基乡村小微湿地,0,0
五桂祠,0,0
星球大战,0,0
十二生肖雕塑,0,0
较顶包,0,0
凤凰庵,0,0
青山岭,0,0
蛇缠树,0,0
显灵寺,0,0
浪漫花海,0,0
祖寺堂,0,0
孙尚香雕塑,0,0
珍珠泉,0,0
南山文化中心,0,0
植雕恐龙园,0,0
地狱探险,0,0
重庆开岳文化传媒中心,0,0
百朝门,0,0
大进镇天保寨村村史馆,0,0
石柱县冒顶山公园鼓楼,0,0
白家山,0,0
尹家堡顶,0,0
5号导洞,0,0
云台滨河公园,0,0
赤穴,0,0
香湖草亭,0,0
照壁,0,0
两心相悦雕塑,0,0
西沱镇云梯社区望夫台,0,0
三合碑,0,0
刘家祠堂,0,0
倡廉园,0,0
科学公园,0,0
永川石松,0,0
揽月亭,0,0
重庆财经职业学院-图书馆,0,0
袁家祠堂,0,0
亢谷十景·野人溪,0,0
风背岩,0,0
伊可莎大酒店-会议中心,0,0
白虎峡,0,0
雅聚园,0,0
白鹤楼,0,0
笃行亭,0,0
欧嘎河图书,0,0
天公堂,0,0
龙河新城滨江公园,0,0
月台寺,0,0
黄家垭口,0,0
滨江公园游乐场,0,0
佛印山,0,0
心心相印,0,0
深沟谭氏大院,0,0
蟒蛇谷,0,0
铁佛寺,0,0
小桔灯生态文化旅游区,0,0
古碑,0,0
重庆市少年儿童图书馆(卢作孚纪念馆分馆),0,0
盐井溪,0,0
悦心亭,0,0
觉山寺,0,0
采茶体验园,0,0
二嶝岩,0,0
A8008图书馆,0,0
山王庙,0,0
三枫原,0,0
狮子林,0,0
梅忠智美术馆,0,0
三角寺,0,0
倒坐寺,0,0
幸福公园-观景台,0,0
大山坡,0,0
熊小跳阅读中心,0,0
园觉寺旧址,0,0
福寿寺,0,0
王爷庙,0,0
惠通寺,0,0
杉木岩村茶山,0,0
望江亭,0,0
十通寺,0,0
凭海聆风,0,0
长生亭,0,0
故陵城镇观景平台,0,0
奇石异树展示区,0,0
孔香园,0,0
桐子岚垭,0,0
祖师庙,0,0
何家堡村图书室,0,0
翠屏古道上的卡门,0,0
帝岭云湖,0,0
牛王寺,0,0
陕建重庆山水文园水乐园项目经理部,0,0
天池,0,0
鸿恩阁,0,0
重庆市江津区四面山镇龙山寺,0,0
东斯拉夫民族馆(WFC环球金融购物中心店),0,0
149长情梯,0,0
三块碑,0,0
长江,0,0
合川区文化馆易砚堂分馆,0,0
永川青少年宫,0,0
魔镜迷宫,0,0
李氏宗祠,0,0
绍隆寺,0,0
牧牛图,0,0
七仙桥,0,0
城市记忆展陈馆,0,0
秦家祠堂,0,0
古源亭,0,0
十八半树,0,0
潘家祠堂,0,0
菩提孝壁,0,0
石影亭,0,0
南温泉滨江长廊,0,0
宋代官窑品鉴馆,0,0
古刹禅林,0,0
宝塔,0,0
日光自然村索滑道,0,0
莲花池,0,0
公园府,0,0
"长寿秘诀""不嗜烟酒""",0,0
九座魂,0,0
思栎林,0,0
太阳庙,0,0
望海台,0,0
跳磴河,0,0
秉烛坊,0,0
大湾镇文化服务中心,0,0
翔飞亭,0,0
大峧岩,0,0
童萌酷,0,0
柚基乡村小微湿地,0,0
五桂祠,0,0
星球大战,0,0
十二生肖雕塑,0,0
较顶包,0,0
凤凰庵,0,0
青山岭,0,0
兴隆寺,0,0
四叶草乡村书屋,0,0
文昌宫,0,0
红池云乡旅游区-观景台,0,0
觉林寺,0,0
骁战海石基地,0,0
盘古互晓月坊,0,0
红枫生态公园,0,0
投桃报李雕塑,0,0
谢家祠堂,0,0
蛇缠树,0,0
摩尔庄园,0,0
商德文化长廊,0,0
嘉谷公园,0,0
送子观音殿,0,0
流绿叠翠,0,0
寺湾垭口,0,0
刘家祠堂,0,0
重庆冷水森林露营地,0,0
民族艺术墙,0,0
三合碑,0,0
凤翔寺,0,0
永嘉竹海,0,0
古巴何塞-马蒂文化协会园,0,0
重庆勇悦露营地服务有限公司(趣汇友自驾游营地),0,0
孙家镇田弯村周氏墓群,0,0
川主庙,0,0
鼓楼,0,0
龙家祠堂,0,0
篆塘镇滨河体育公园,0,0
乌石江河沟,0,0
伊可莎大酒店-会议中心,0,0
白虎峡,0,0
雅聚园,0,0
白鹤楼,0,0
笃行亭,0,0
欧嘎河图书,0,0
天公堂,0,0
茶山叠翠区,0,0
陈望道旧居(重庆北碚东阳街道),0,0
小桔灯生态文化旅游区,0,0
龙河新城滨江公园,0,0
古碑,0,0
龙神庙,0,0
花乡美苑山野营地,0,0
鸳鸯湖,0,0
双桂山国家森林公园-鹿鸣寺,0,0
大圣寺,0,0
重庆梁平双桂湖国家湿地公园-休息亭,1,0
茶树鼻祖,0,0
廖家祠堂,0,0
卧龙矸,0,0
龙垭口观景台,0,0
自控飞机,0,0
松下问梨,0,0
重庆文理学院图书馆,0,0
黄琼玉趣露营(寺院坪木水井),0,0
龙吟九天,0,0
王家坝菩萨,0,0
悦心亭,0,0
觉山寺,0,0
采茶体验园,0,0
二嶝岩,0,0
A8008图书馆,0,0
山王庙,0,0
三枫原,0,0
狮子林,0,0
钟楼,0,0
儿童公园,0,0
梅忠智美术馆,0,0
茶山叠翠区,0,0
可爱动物区-小食蚁兽,0,0
龙神庙,0,0
花乡美苑山野营地,0,0
鸳鸯湖,0,0
双桂山国家森林公园-鹿鸣寺,0,0
大圣寺,0,0
重庆梁平双桂湖国家湿地公园-休息亭,1,0
茶树鼻祖,0,0
窝盘寺,0,0
百步石梯,0,0
清风阁,0,0
老坳子,0,0
雷神庙,0,0
武将厅,0,0
玉皇阁道观,0,0
群花争艳,0,0
江津区青少年宫,0,0
白岩子烈士墓,0,0
兴隆寺,0,0
钟楼,0,0
儿童公园,0,0
龙王庙,0,0
三块碑,0,0
长寿慢城,0,0
观音堂,0,0
谭家祠堂,0,0
红卫渡槽,0,0
摩尔庄园,0,0
商德文化长廊,0,0
嘉谷公园,0,0
送子观音殿,0,0
流绿叠翠,0,0
寺湾垭口,0,0
刘家祠堂,0,0
大荣寨,0,0
白岩路社区人口文化大院,0,0
金蟾石景区,0,0
九节寺,0,0
倒坐寺,0,0
重庆冷水森林露营地,0,0
凤翔寺,0,0
大荣寨公园,0,0
刘家垭口,0,0
大鱼寺,0,0
康隆公园,0,0
闯财神,0,0
太阳湖-露营地,0,0
桂花诗廊,0,0
十通寺,0,0
凭海聆风,0,0
长生亭,0,0
故陵城镇观景平台,0,0
奇石异树展示区,0,0
孔香园,0,0
枫香树垭口,0,0
大溪河公园,0,0
奥体社区文化室,0,0
桐子岚垭,0,0
何家堡村图书室,0,0
翠屏古道上的卡门,0,0
凤凰谷动物园,0,0
千福村计生协会活动室,0,0
刘家垭口,0,0
三教寺,0,0
望洲关,0,0
水石坝李园,0,0
望乡亭,0,0
杨家祠堂,0,0
佛光岩,0,0
梯岩,0,0
小金龙庙,0,0
达摩伏虎雕塑,0,0
横梁村创建发展展厅,0,0
二坪镇众志公园,0,0
望风洞,0,0
李家祠堂,0,0
不孤亭,0,0
竹坪露营基地,0,0
佛山宁云寺九代弟子谭伴仙,0,0
重庆保税体验旅游景区,0,0
两江东湖公园,0,0
高楠镇陈启刚沙场,0,0
灯草祠,0,0
水碾坊,0,0
蜡烛园,0,0
宋山寺,0,0
浑水河,0,0
三圣社区图书室,0,0
西流古镇,0,0
九节寺,0,0
大荣寨公园,0,0
刘家垭口,0,0
大鱼寺,0,0
康隆公园,0,0
闯财神,0,0
太阳湖-露营地,0,0
桂花诗廊,0,0
永川青少年宫,0,0
文昌宫,0,0
枫香树垭口,0,0
大溪河公园,0,0
公园府,0,0
"长寿秘诀""不嗜烟酒""",0,0
九座魂,0,0
思栎林,0,0
太阳庙,0,0
望海台,0,0
跳磴河,0,0
桃色少女梦幻恋爱互动解压主题馆,0,0
石甲庐,0,0
万家垭口,0,0
淘气鬼,0,0
上花线沟,0,0
半边寺,0,0
正兴镇金堂村沙井蛮子坡崖墓群,0,0
罗宝林,0,0
龙梭山,0,0
云阳县渠马镇惠龙村图书室,0,0
茶岭亭,0,0
秉烛坊,0,0
大湾镇文化服务中心,0,0
重庆商务职业学院图书馆,0,0
风雨廊桥,0,0
节操松筠,0,0
轿子岭,0,0
天星桥,0,0
虎溪乡沙田长征大队知青点(遗址),0,0
均安社区张氏夫妻合葬大墓,0,0
绘本阅读馆,0,0
秀才村妇女之家,0,0
石笋岩,0,0
雨仙农谷·蓝莓园,0,0
龙神庙,0,0
潼南区图书馆柏梓分馆,0,0
石佛寺,0,0
月光林地,0,0
重庆起鑫KOHLER科勒精品展示中心,0,0
科举门,0,0
黄山抗战旧址群-草亭,0,0
溪鸣桥,0,0
来仪石刻,0,0
中坝大桥-露营地,0,0
五通庙,0,0
九龙沟,0,0
黄山抗战遗址群-望江亭,0,0
天星寨森林公园,0,0
波痕滚石,0,0
两江金寨公园,0,0
朱家冲梁子,0,0
沙地村阅览室,0,0
HONGPARK洪园(陶家店),0,0
"法治雕塑法学家,法言法语",0,0
小区议事廊,0,0
奥体社区文化室,0,0
九五纪念碑,0,0
千年红豆杉,0,0
民族艺术墙,0,0
中国西部动漫文化馆,0,0
健康主题公园,0,0
鼓天乐,0,0
望娘滩,0,0
康鑫堂生态科技馆,0,0
讲经堂,0,0
凤凰谷动物园,0,0
千福村计生协会活动室,0,0
刘家垭口,0,0
三教寺,0,0
望洲关,0,0
水石坝李园,0,0
望乡亭,0,0
杨家祠堂,0,0
佛光岩,0,0
双巷子社区文化室,0,0
北山石刻景区-弥勒下生经变相,0,0
闻钟亭,0,0
阅友借阅馆,0,0
新中国70年民间记忆展,0,0
大河沟,0,0
天心福果猕猴桃园,0,0
宝寨村镇江寺大院子,0,0
大毛坡,0,0
五花八门,0,0
天空之城(平湖西路店),0,0
奉节夜景,0,0
殷家祠堂,0,0
坛子口,0,0
修正醒十芬猴头菇葛根植物饮料,0,0
二佛寺下殿,0,0
高峰寺,0,0
鳄鱼雕塑,0,0
永嘉竹海,0,0
古巴何塞-马蒂文化协会园,0,0
重庆勇悦露营地服务有限公司(趣汇友自驾游营地),0,0
孙家镇田弯村周氏墓群,0,0
川主庙,0,0
鼓楼,0,0
龙家祠堂,0,0
篆塘镇滨河体育公园,0,0
乌石江河沟,0,0
小金龙庙,0,0
梯岩,0,0
丁公岩,0,0
公益图书屋,0,0
文昌宫,0,0
重庆保税体验旅游景区,0,0
两江东湖公园,0,0
高楠镇陈启刚沙场,0,0
灯草祠,0,0
水碾坊,0,0
蜡烛园,0,0
宋山寺,0,0
达摩伏虎雕塑,0,0
横梁村创建发展展厅,0,0
二坪镇众志公园,0,0
望风洞,0,0
李家祠堂,0,0
不孤亭,0,0
竹坪露营基地,0,0
狮子包观景台,0,0
合理村图书阅览室,0,0
烟波台,0,0
马叙伦雕塑,0,0
老妻少夫树,0,0
湖山别院,0,0
金剑山森林步道,0,0
祖师观,0,0
文家坡石庙子,0,0
华岩体育文化公园,0,0
重庆园博园-西次入口站,0,0
青木寺,0,0
宝塔洞,0,0
香云山桂佛寺,0,0
望夫台,0,0
摇头飞椅,0,0
观音阁,0,0
桃色少女梦幻恋爱互动解压主题馆,0,0
石甲庐,0,0
万家垭口,0,0
淘气鬼,0,0
上花线沟,0,0
半边寺,0,0
正兴镇金堂村沙井蛮子坡崖墓群,0,0
重庆商务职业学院图书馆,0,0
风雨廊桥,0,0
可爱动物区-小食蚁兽,0,0
回龙寺,0,0
白岩子烈士墓,0,0
万州户外火锅露营基地,0,0
国民党公教新村1-8号楼旧址(3号楼),0,0
云阳县渠马镇惠龙村图书室,0,0
浑水河,0,0
西流古镇,0,0
佛山宁云寺九代弟子谭伴仙,0,0
三圣社区图书室,0,0
新华村白鹤林,0,0
窝盘寺,0,0
百步石梯,0,0
清风阁,0,0
老坳子,0,0
雷神庙,0,0
武将厅,0,0
玉皇阁道观,0,0
孔雀雕塑,0,0
熊家山,0,0
樱花苑,0,0
涞园-观景台,0,0
三文庙居民点,0,0
茶文化博物馆,0,0
观音寺,0,0
重庆市南川区骑龙镇杨梅风情园,0,0
龙王庙,0,0
三块碑,0,0
长寿慢城,0,0
观音堂,0,0
谭家祠堂,0,0
红卫渡槽,0,0
大荣寨,0,0
金佛山栖乐谷露营基地,0,0
下石猴,0,0
天主堂,0,0
庙圣寺,0,0
重庆长寿永恒缆车,0,0
十里桃花,0,0
揽月湖,0,0
西湖名苑,0,0
负氧离子体验区,0,0
TBOX,0,0
喻茂坚纪念馆-第七展厅,0,0
白洋寺,0,0
诃利谛母龛,0,0
重庆工程职业技术学院-图书馆,0,0
铜梁高新区规划展览馆,0,0
南城寺,0,0
科举门,0,0
黄山抗战旧址群-草亭,0,0
溪鸣桥,0,0
来仪石刻,0,0
中坝大桥-露营地,0,0
五通庙,0,0
九龙沟,0,0
两江新区大件垃圾资源化利用中心,0,0
笙子垭口,0,0
猪獾,0,0
公益图书屋,0,0
龙梭山,0,0
群花争艳,0,0
江津区青少年宫,0,0
朝阳庙,0,0
白岩路社区人口文化大院,0,0
金蟾石景区,0,0
金香寺,0,0
石佛寺院子,0,0
鼓天乐,0,0
望娘滩,0,0
观主寺,0,0
显灵堂,0,0
寒宫城堡,0,0
象鼻岭,0,0
璧山烈士陵园,0,0
时光灯塔,0,0
西南大学蜀园,0,0
东方贵族原酒文化馆,0,0
显灵庙,0,0
完美风暴,0,0
枫林苑,0,0
雷音寺,0,0
杉树村图书室,0,0
袁家祠堂,0,0
双朝门,0,0
大滩口水库,0,0
重庆两江夜景游船,0,0
朱家祠堂,0,0
凯旋天街会展中心,0,0
华岩体育文化公园,0,0
重庆园博园-西次入口站,0,0
青木寺,0,0
宝塔洞,0,0
香云山桂佛寺,0,0
望夫台,0,0
石笋岩,0,0
雨仙农谷·蓝莓园,0,0
龙神庙,0,0
潼南区图书馆柏梓分馆,0,0
石佛寺,0,0
月光林地,0,0
重庆起鑫KOHLER科勒精品展示中心,0,0
中国西部动漫文化馆,0,0
笙子垭口,0,0
罗宝林,0,0
茶岭亭,0,0
南岸区一家一宫三中心,0,0
封神庙,0,0
双陵,0,0
爱贝儿儿童成长中心,0,0
回龙寺,0,0
丰乐街道乌杨村观景台,0,0
九五纪念碑,0,0
重庆市万州区博物馆(西山碑管理处),0,0
翠峰寺,0,0
释迦涅槃圣迹图,0,0
半截松林,0,0
乌龟碑,0,0
丰都县滨江景区,0,0
摇头飞椅,0,0
观音阁,0,0
新华村白鹤林,0,0
健康主题公园,0,0
东方贵族原酒文化馆,0,0
显灵庙,0,0
完美风暴,0,0
枫林苑,0,0
雷音寺,0,0
杉树村图书室,0,0
重庆市万州区博物馆(西山碑管理处),0,0
节操松筠,0,0
轿子岭,0,0
天星桥,0,0
虎溪乡沙田长征大队知青点(遗址),0,0
均安社区张氏夫妻合葬大墓,0,0
绘本阅读馆,0,0
秀才村妇女之家,0,0
"法治雕塑法学家,法言法语",0,0
黄山抗战遗址群-望江亭,0,0
天星寨森林公园,0,0
波痕滚石,0,0
两江金寨公园,0,0
朱家冲梁子,0,0
沙地村阅览室,0,0
HONGPARK洪园(陶家店),0,0
康鑫堂生态科技馆,0,0
讲经堂,0,0
奥诺康五谷磨坊,0,0
关门寺水库,0,0
曾家祠堂,0,0
禹王庙,0,0
桃花溪,0,0
老鹳树,0,0
南塔三清观,0,0
寿堂庵,0,0
七曜山国家地质公园,0,0
情侣树,0,0
大有农场牌坊旧址,0,0
心心空间,0,0
五湘庙,0,0
岗上,0,0
水叮当(紫荆商业广场店),0,0
川株庙,0,0
天子殿,0,0
孔雀雕塑,0,0
熊家山,0,0
樱花苑,0,0
涞园-观景台,0,0
三文庙居民点,0,0
茶文化博物馆,0,0
观音寺,0,0
重庆市南川区骑龙镇杨梅风情园,0,0
万寿宫,0,0
水魔方,0,0
马帮议事厅,0,0
览景亭,0,0
望天石,0,0
莫家垭口,0,0
茨竹镇中河社区文化室,0,0
双巷子社区文化室,0,0
北山石刻景区-弥勒下生经变相,0,0
闻钟亭,0,0
阅友借阅馆,0,0
新中国70年民间记忆展,0,0
大河沟,0,0
天心福果猕猴桃园,0,0
回龙寺,0,0
丁公岩,0,0
玉皇观,0,0
翠峰寺,0,0
释迦涅槃圣迹图,0,0
小区议事廊,0,0
缙云山景区-亭,0,0
朝阳庙,0,0
果桑植物园,0,0
凤凰花果山景区-游乐园,0,0
宝寨村镇江寺大院子,0,0
大毛坡,0,0
鱼乐圈,0,0
重庆动物园-豹猫,0,0
北禅寺,0,0
思源湖,0,0
林关庙,0,0
三国迷宫,0,0
金盆竹海,0,0
狮子包观景台,0,0
合理村图书阅览室,0,0
烟波台,0,0
马叙伦雕塑,0,0
老妻少夫树,0,0
湖山别院,0,0
金剑山森林步道,0,0
祖师观,0,0
重庆园博园-A区,0,0
仿古青石墓,0,0
南川区革命烈士陵园,0,0
三桊洞,0,0
国民党公教新村1-8号楼旧址(3号楼),0,0
两江新区大件垃圾资源化利用中心,0,0
重庆金融历史博物馆,0,0
文家坡石庙子,0,0
巫山旅发游乐园,0,0
法制廉政文化公园,0,0
观音寺,0,0
双山,0,0
杨氏景观石,0,0
云阳天下第一缸,0,0
重庆:城市之路厅,0,0
西湖名苑,0,0
负氧离子体验区,0,0
TBOX,0,0
喻茂坚纪念馆-第七展厅,0,0
白洋寺,0,0
诃利谛母龛,0,0
重庆工程职业技术学院-图书馆,0,0
铜梁高新区规划展览馆,0,0
观主寺,0,0
显灵堂,0,0
寒宫城堡,0,0
象鼻岭,0,0
璧山烈士陵园,0,0
时光灯塔,0,0
西南大学蜀园,0,0
秋山亭,0,0
三百步观音庙,0,0
古坛寺,0,0
帝君庙,0,0
金九公馆,0,0
三教堂,0,0
石佛山生态观光园,0,0
荣昌区科技馆,0,0
千年红豆杉,0,0
荣祠池,0,0
南城寺,0,0
双陵,0,0
爱贝儿儿童成长中心,0,0
道观寺,0,0
潘文华公馆旧址,0,0
观音菩萨,0,0
刘家祠堂,0,0
黄家祠堂,0,0
朱家祠堂,0,0
观音菩萨,0,0
观音寺,0,0
重庆雪乡景区,0,0
青峰山,0,0
姜家祠堂,0,0
五花八门,0,0
天空之城(平湖西路店),0,0
奉节夜景,0,0
殷家祠堂,0,0
坛子口,0,0
修正醒十芬猴头菇葛根植物饮料,0,0
二佛寺下殿,0,0
高峰寺,0,0
菩陀寺,0,0
灵芝岩,0,0
经幢,0,0
碧玉潭,0,0
竹溪河岩石公园,0,0
风动石,0,0
文圣宫,0,0
珍稀植物园,0,0
毛天坝村图书室,0,0
回龙寺,0,0
万州户外火锅露营基地,0,0
封神庙,0,0
大渡口区图书馆24小时自助图书馆,0,0
猪獾,0,0
丰乐街道乌杨村观景台,0,0
鳄鱼雕塑,0,0
鱼乐圈,0,0
重庆动物园-豹猫,0,0
北禅寺,0,0
思源湖,0,0
林关庙,0,0
三国迷宫,0,0
金盆竹海,0,0
金佛山栖乐谷露营基地,0,0
下石猴,0,0
天主堂,0,0
庙圣寺,0,0
重庆长寿永恒缆车,0,0
十里桃花,0,0
揽月湖,0,0
情侣树,0,0
大有农场牌坊旧址,0,0
心心空间,0,0
五湘庙,0,0
岗上,0,0
水叮当(紫荆商业广场店),0,0
川株庙,0,0
廉馨亭,0,0
授记堂,0,0
稻场社区便民服务中心,0,0
栅山河,0,0
七彩大佛,0,0
许愿亭,0,0
环球途步,0,0
袁家祠堂,0,0
双朝门,0,0
大滩口水库,0,0
重庆两江夜景游船,0,0
朱家祠堂,0,0
凯旋天街会展中心,0,0
半截松林,0,0
乌龟碑,0,0
万寿宫,0,0
水魔方,0,0
马帮议事厅,0,0
览景亭,0,0
望天石,0,0
莫家垭口,0,0
茨竹镇中河社区文化室,0,0
果桑植物园,0,0
凤凰花果山景区-游乐园,0,0
大雄宝殿,0,0
重庆金融历史博物馆,0,0
玉皇观,0,0
南川区革命烈士陵园,0,0
三桊洞,0,0
黄葛洞,0,0
官塘水库,0,0
南岸区一家一宫三中心,0,0
金香寺,0,0
石佛寺院子,0,0
天子殿,0,0
缙云山景区-亭,0,0
谢家祠堂,0,0
开悦旋风机,0,0
丰都县滨江景区,0,0
颐静湖广场,0,0
消防主题公园,0,0
苏铁,0,0
名山社区儿童之家,0,0
步云梯,0,0
三清庙,0,0
账房,0,0
秋山亭,0,0
三百步观音庙,0,0
古坛寺,0,0
帝君庙,0,0
金九公馆,0,0
三教堂,0,0
石佛山生态观光园,0,0
道观寺,0,0
重庆园博园-A区,0,0
仿古青石墓,0,0
巫山旅发游乐园,0,0
法制廉政文化公园,0,0
观音寺,0,0
双山,0,0
杨氏景观石,0,0
云阳天下第一缸,0,0
重庆:城市之路厅,0,0
金山湖畔星露营,0,0
尖峰寺,0,0
望夫亭,0,0
胜家寨,0,0
巴福镇天坪村读书阅览室,0,0
听音廊,0,0
亚细亚石油公司大班房(重庆文物遗址),0,0
大祠堂(犹家),0,0
中沟湾水库,0,0
中华职业教育社社史陈列馆,0,0
莲花山庄,0,0
慈母亭,0,0
孝道,0,0
永兴庵,0,0
侏罗纪在线,0,0
观音寺,0,0
三圣庙,0,0
夕照峰,0,0
奥诺康五谷磨坊,0,0
关门寺水库,0,0
曾家祠堂,0,0
禹王庙,0,0
桃花溪,0,0
老鹳树,0,0
南塔三清观,0,0
寿堂庵,0,0
七曜山国家地质公园,0,0
荣祠池,0,0
廉政文化公园,0,0
桂花林,0,0
南坪街道响水路社区电子阅览室,0,0
白虎庙,0,0
潘文华公馆旧址,0,0
菩陀寺,0,0
灵芝岩,0,0
经幢,0,0
碧玉潭,0,0
竹溪河岩石公园,0,0
桥南公园,0,0
枫香垭口,0,0
文昌阁,0,0
太公池,0,0
川主庙,0,0
3号烟囱,0,0
长生庙,0,0
白云观,0,0
青龙台,0,0
梯田,0,0
皇家四合院,0,0
东篱田园,0,0
吟月长廊,0,0
普陀寺,0,0
荣昌区科技馆,0,0
天保寨,0,0
大渡口区图书馆24小时自助图书馆,0,0
龙驹十里桃花,0,0
风动石,0,0
文圣宫,0,0
珍稀植物园,0,0
毛天坝村图书室,0,0
烈士纪念碑,0,0
太极宫,0,0
华岩七佛塔,0,0
重钢崖线步道二期,0,0
观音菩萨,0,0
刘家祠堂,0,0
黄家祠堂,0,0
朱家祠堂,0,0
观音菩萨,0,0
观音寺,0,0
重庆雪乡景区,0,0
青峰山,0,0
儿童益智体验馆(华盛堂Mall店),0,0
重庆野客自然营地,0,0
万州莲花公园,0,0
田园风光,0,0
金阳社区文化室,0,0
茶园寺,0,0
观音庙,0,0
仿古栈道,0,0
日月亭,0,0
廉馨亭,0,0
授记堂,0,0
稻场社区便民服务中心,0,0
栅山河,0,0
七彩大佛,0,0
许愿亭,0,0
环球途步,0,0
枫火长城,0,0
福厚里观景台,0,0
彭古庙,0,0
龙神垭口,0,0
善堂,0,0
宋家祠堂,0,0
观山亭,0,0
姜家祠堂,0,0
黄葛洞,0,0
云中花海,0,0
萌宠动物园,0,0
谢家祠堂,0,0
开悦旋风机,0,0
洞宾石,0,0
下石院观景台,0,0
金山湖畔星露营,0,0
尖峰寺,0,0
望夫亭,0,0
胜家寨,0,0
巴福镇天坪村读书阅览室,0,0
听音廊,0,0
南山挹秀,0,0
冉家垭口,0,0
尼姑庙,0,0
寿仙禅道,0,0
太山庙,0,0
重庆游乐园-鬼屋,0,0
碧波如烟,0,0
王家大坟,0,0
佛堂,0,0
颐蔬园,0,0
"长寿秘诀""勤于劳作""",0,0
太极岭,0,0
淘气堡(开利路店),0,0
墓碑雕刻,0,0
忍冬佛教文化长廊,0,0
大雄宝殿,0,0
官塘水库,0,0
桂花林,0,0
亚细亚石油公司大班房(重庆文物遗址),0,0
大祠堂(犹家),0,0
中沟湾水库,0,0
山海美术馆,0,0
飞霞石阵,0,0
重庆市少年宫,0,0
嘉陵江三峡乡村建设旧址群-农庄,0,0
湖映坡地公园,0,0
碑槽溶洞,0,0
峭壁飞泉,0,0
1989文创乐园,0,0
重庆市涪陵区大木林场,0,0
月台,0,0
木鱼石,0,0
四川三路红军练兵场遗址,0,0
颐静湖广场,0,0
消防主题公园,0,0
苏铁,0,0
名山社区儿童之家,0,0
步云梯,0,0
三清庙,0,0
账房,0,0
南坪街道响水路社区电子阅览室,0,0
中华职业教育社社史陈列馆,0,0
莲花山庄,0,0
慈母亭,0,0
孝道,0,0
永兴庵,0,0
侏罗纪在线,0,0
观音寺,0,0
三圣庙,0,0
白云观,0,0
青龙台,0,0
梯田,0,0
皇家四合院,0,0
东篱田园,0,0
吟月长廊,0,0
普陀寺,0,0
华岩七佛塔,0,0
重钢崖线步道二期,0,0
青色年轮,0,0
歌尽桃花,0,0
谭家祠堂,0,0
三丰布道雕塑,0,0
重庆铜锣山矿山公园-4号矿坑,0,0
土主庙,0,0
夔鼓神坛,0,0
拉萨园,0,0
月光草坪公园-守望,0,0
宝灵寺,0,0
西山村高石梯,0,0
冉家岩,0,0
天保寨,0,0
邀月台,0,0
廉政文化公园,0,0
白虎庙,0,0
夕照峰,0,0
中国乌江奇石博物馆,0,0
青木关果老寨遗址,0,0
财门,0,0
天山坪,0,0
山教寺,0,0
观音寺,0,0
重庆市梁平区百里竹海-竹风湖观景台,0,0
凤山公园观景楼阁,0,0
龙泉宝剑青瓷重庆博物馆,0,0
儿童益智体验馆(华盛堂Mall店),0,0
重庆野客自然营地,0,0
万州莲花公园,0,0
田园风光,0,0
金阳社区文化室,0,0
茶园寺,0,0
观音庙,0,0
海润科技馆,0,0
碧津公园-环卫库房,0,0
迈森王子儿童生活馆,0,0
盛世龙腾大牌坊,0,0
聂家祠堂,0,0
黑山谷-石房子,0,0
青年寺,0,0
楚河汉界,0,0
云阳镇宝塔村海坝柑橘园,0,0
桥南公园,0,0
枫香垭口,0,0
文昌阁,0,0
太公池,0,0
川主庙,0,0
3号烟囱,0,0
长生庙,0,0
西藏阿里文化旅游展览中心,0,0
云中花海,0,0
彩云谷公园,0,0
龙驹十里桃花,0,0
仿古栈道,0,0
日月亭,0,0
烈士纪念碑,0,0
太极宫,0,0
白岩寺,0,0
川主庙,0,0
观音泉,0,0
亨新寺,0,0
石杨三社区文化室,0,0
桃花诗廊,0,0
龙瓜滴翠,0,0
狮子寨,0,0
南山挹秀,0,0
冉家垭口,0,0
尼姑庙,0,0
寿仙禅道,0,0
太山庙,0,0
重庆游乐园-鬼屋,0,0
碧波如烟,0,0
飞霞石阵,0,0
重庆市少年宫,0,0
剑杆园,0,0
水月洞天,0,0
寒婆婆祭祀,0,0
石林露营基地,0,0
Topbook小书馆,0,0
听瀑亭,0,0
合川桃片博物馆,0,0
云龟山露营基地服务部,0,0
枫火长城,0,0
福厚里观景台,0,0
彭古庙,0,0
龙神垭口,0,0
善堂,0,0
宋家祠堂,0,0
观山亭,0,0
洞宾石,0,0
下石院观景台,0,0
游乐场,0,0
忍冬佛教文化长廊,0,0
萌宠动物园,0,0
云卷美术空间,0,0
望江亭,0,0
亚洲红枫,0,0
重庆大学体育学院-开放式阅览室,0,0
钟楼,0,0
金凤村综合文化服务中心,0,0
私塾先生卧室,0,0
獐子堡,0,0
老君山,0,0
丹龙体育文化公园,0,0
碑槽溶洞,0,0
峭壁飞泉,0,0
1989文创乐园,0,0
重庆市涪陵区大木林场,0,0
月台,0,0
木鱼石,0,0
四川三路红军练兵场遗址,0,0
西山村高石梯,0,0
冉家岩,0,0
王家大坟,0,0
佛堂,0,0
颐蔬园,0,0
"长寿秘诀""勤于劳作""",0,0
太极岭,0,0
淘气堡(开利路店),0,0
墓碑雕刻,0,0
嘉陵江三峡乡村建设旧址群-农庄,0,0
湖映坡地公园,0,0
乡村振兴直播展厅,0,0
桂湖夕照,0,0
廉洁亭,0,0
户外活动区,0,0
小仑山庙,0,0
松树桥社区文化室,0,0
盐马古道,0,0
左厢房,0,0
宝胜寺,0,0
洋荷池,0,0
世外桃源,0,0
邀月台,0,0
宝灵寺,0,0
山海美术馆,0,0
海润科技馆,0,0
碧津公园-环卫库房,0,0
迈森王子儿童生活馆,0,0
盛世龙腾大牌坊,0,0
聂家祠堂,0,0
黑山谷-石房子,0,0
青年寺,0,0
中国乌江奇石博物馆,0,0
青木关果老寨遗址,0,0
财门,0,0
天山坪,0,0
山教寺,0,0
观音寺,0,0
重庆市梁平区百里竹海-竹风湖观景台,0,0
青色年轮,0,0
歌尽桃花,0,0
谭家祠堂,0,0
三丰布道雕塑,0,0
重庆铜锣山矿山公园-4号矿坑,0,0
土主庙,0,0
夔鼓神坛,0,0
楚河汉界,0,0
云阳镇宝塔村海坝柑橘园,0,0
凤山公园观景楼阁,0,0
龙泉宝剑青瓷重庆博物馆,0,0
拉萨园,0,0
月光草坪公园-守望,0,0
游乐场,0,0
彩云谷公园,0,0
重庆大学体育学院-开放式阅览室,0,0
钟楼,0,0
金凤村综合文化服务中心,0,0
私塾先生卧室,0,0
獐子堡,0,0
老君山,0,0
丹龙体育文化公园,0,0
洋荷池,0,0
剑杆园,0,0
水月洞天,0,0
寒婆婆祭祀,0,0
石林露营基地,0,0
Topbook小书馆,0,0
听瀑亭,0,0
合川桃片博物馆,0,0
云龟山露营基地服务部,0,0
亚洲红枫,0,0
竹枝堂,0,0
云卷美术空间,0,0
西藏阿里文化旅游展览中心,0,0
世外桃源,0,0
云顶山,0,0
万年村大竹林,0,0
重庆市武陵山自然保护区,0,0
103堆工排风中心,0,0
兴隆寺,0,0
文化长廊,0,0
宋安寺,0,0
东岳庙,0,0
乡村振兴直播展厅,0,0
桂湖夕照,0,0
廉洁亭,0,0
户外活动区,0,0
小仑山庙,0,0
松树桥社区文化室,0,0
盐马古道,0,0
白岩寺,0,0
川主庙,0,0
观音泉,0,0
亨新寺,0,0
石杨三社区文化室,0,0
桃花诗廊,0,0
龙瓜滴翠,0,0
帽落园,0,0
左厢房,0,0
宝胜寺,0,0
狮子寨,0,0
望江亭,0,0
