comment,main,member,name
304722311,不管在贴吧的哪个角落，海吧是你坚强的后盾,11693346,海贼王吧
247261612,只要有树叶飞舞的地方，火就会燃烧。,9016864,火影忍者吧
95908324,真相永远只有一个,5617282,柯南吧
59221044,汇聚关于bleach相关的一切,2385479,死神吧
81829013,,2816201,秦时明月吧
25338291,銀魂——GinTaMa——银魂,1880216,银魂吧
31161217,指环上铭刻着我们的光阴,1019316,家庭教师吧
46494621,理想中的自己,605287,守护甜心吧
34077652,魔导士们的聚集地让我们用魔法绚烂二次元,1708391,妖精的尾巴吧
21581604,19世紀のロンドンへようこそ。,1080648,黑执事吧
18597856,天下尼玛是一家，我们在一起！,1698823,暴走漫画吧
15852106,嗟呼！虽游戏也，不可亵玩哉。,1482840,刀剑神域吧
24845616,网球王子吧与你永不消失的羁绊。,1005974,网球王子吧
11376315,接触VOCALOID，从初音开始,1239030,初音ミク吧
19806738,团结坚持热血励志的篮球动漫，温馨同萌之家,1112371,黑子的篮球吧
4421017,建立温暖，友爱，团结一家的阿狸平台。,446547,阿狸吧
14103054,我叫夏目贵志，能告诉我你的名字吗？,1403841,夏目友人帐吧
25868544,哀迷的家：始于哀，但不止于哀,826074,灰原哀吧
20170490,讨论偷星九月天相关,404925,偷星九月天吧
40426485,综合ACG讨论处,907031,燃战吧
8510453,Only My Railgun！,585483,御坂美琴吧
2985119,黑受洁癖圣地，逆拆请左转右转隔壁吧去！,181175,all黑子吧
2070290,散华礼弥，世界第一的僵尸萌神。,93576,散华礼弥吧
5355439,打麻将真开心啊！,167023,天才麻将少女吧
1086015,少年同盟，一首由少年友谊交织的诗歌,68150,少年同盟吧
2617809,最大的潘多拉爱好者的百度交流平台.,85064,潘朵拉之心吧
9619496,2.5次元伪娘cos和2次元的集中地，欢迎你。…,686479,伪娘吧
1533385,只是想让所有人都幸福而已,93512,樱兰高校男公关部吧
2925189,几梦吧，你的家。,75149,几梦吧
2777586,外星人未来人异世界人超能力者，来这里吧！,132548,凉宫春日的忧郁吧
13962579,11年受众最广的原创动画,512538,罪恶王冠吧
21560602,战国的邂逅，穿越时空的爱恋。,573215,犬夜叉吧
9178418,K是你永远的kizuna羁绊,467460,k吧
18809735,DN吧，正义与正义的碰撞，水货与水货的较量,419738,死亡笔记吧
8042692,无法补完的希望之地。,399821,eva吧
3358048,ONE PIECE人物——索隆X山治的CP贴吧,125826,索香吧
1980546,喜欢天籁纸鸢（君子以泽）的团团请加入=w=,108803,天籁纸鸢吧
2434968,今生挚爱唯纲吉,117786,all27吧
1740479,用银土之魂，满足汝之心。,102683,银土吧
1902356,文明、高雅的冬狮郎同好交流俱乐部,78101,日番谷冬狮郎吧
1372897,樱桃小丸子粉丝聚集地,189895,樱桃小丸子吧
3332959,RS Bar 感谢你一路长情的陪伴,113577,龙樱吧
2102000,夏尔少爷赛高,112574,夏尔吧
1750319,讨论笨蛋测验召唤兽的地方~欢乐又有爱~~,88448,笨蛋测验召唤兽吧
28157554,七颗龙珠，永恒不灭的希望。,1135179,七龙珠吧
35950595,去往墙外 再次相会吧 在地图未标注的地方！,3270922,进击的巨人吧
4585874,爱似地图，不顾一切寻找到达真心的路。,332180,世界第一的初恋吧
25396702,请问，你喜欢篮球吗？,542952,灌篮高手吧
5453217,"战勿缩弱休战.蘑菇数学毒3代,阿虚设定毁1生",309113,fatezero吧
16368434,《天降之物》及其他动漫游戏轻小说迷聚集地,292040,天降之物吧
6722049,吸血鬼骑士吧和你一起找回十年前的记忆,212785,吸血鬼骑士吧
20403598,欢迎老吧友回归，新吧友加入,364075,叛逆的勒鲁什吧
9261587,夏之忆，泣凋零，彼日花未名。,456344,我们仍未知道那天所看见的花的名字吧
3977142,跟着本大爷，在百鬼夜行后面尽情卖萌吧~,196132,滑头鬼之孙吧
11203068,炎发灼眼的傲娇萝莉,273818,灼眼的夏娜吧
8507841,学园都市超电四人组的日常哟~哔哩哔哩,367590,某科学的超电磁炮吧
8967413,与危险而又温柔的伙伴们共度美好时光~,173012,绯弹的亚里亚吧
1165346,时光荏苒，不忘初心,81537,秦时明月之万里长城吧
4221361,中国游戏王OCG第一站,1021722,游戏王吧
26452828,光之国的英雄，就在我们守护的心中。,1054763,奥特曼吧
37809486,坂道之上，樱花树下，与你一起守护光之小镇,259890,clannad吧
2987717,只要你要，只要我有，这是我们的约定。,173976,妖狐x仆ss吧
5778221,火影忍者人气最旺CP，宇智波佐助X漩涡鸣人,350669,佐鸣吧
12537903,樱高轻音部十五周年,280458,轻音吧
8618451,百度毛利兰吧 ，共建纯兰迷们的家,411293,毛利兰吧
11456714,青梅不弃，竹马不离，此情永存，新兰永恒。,419411,新兰吧
6854468,《加速世界》小说、动漫爱好者的交流世界。,258088,加速世界吧
7977044,爱と奇迹の物语,331262,魔法少女小圆吧
2864292,《我叫MT》动漫爱好者聚集地,229855,我叫mt吧
6430819,给宇智波佐助一个华丽而温暖的家。,547954,佐助吧
9955661,童年的记忆，蓝色的梦想，融洽的猫吧大家庭,443296,机器猫吧
5523699,月光下的魔术师的show tim…,360636,怪盗基德吧
10082047,即使消失了。。存在的痕迹也会留下。。。,270382,angelbeats吧
8694260,bl小说、漫画、动漫、二次元宅腐基地,1035422,腐女动漫吧
8362741,神奇宝贝写手、画师等爱好者聚集地,332852,神奇宝贝吧
8452731,我的妹妹不可能那么可爱吧，欢迎你的到来！,231016,我的妹妹不可能那么可爱吧
6934696,一朝相聚，一朝守候。,265309,卡卡西吧
3711379,3年3組集合∠(= ?ω?=)／,186904,another吧
5098815,真正受伤的人一定不是你自己,146328,黑岩射手吧
5950583,越前龙马：用网球杀人真是太有趣了！,320251,越前龙马吧
17831007,你感受到小宇宙了吗？,228432,圣斗士吧
4422780,爱丽丝学园漫画同人等资源的主题交流贴吧,144798,爱丽丝学园吧
6358529,,348768,十万个冷笑话吧
7355542,这儿是喜灰迷永远的家,158627,喜羊羊与灰太狼吧
4653176,欢迎来到百度蜡笔小新贴吧,401328,蜡笔小新吧
4318400,DRRR☆爱与非日常的聚集之处。,187618,无头骑士异闻录吧
27717078,我就是要晒基毛！,600903,高达吧
5948707,爆裂吧现实，粉碎吧精神，放逐这个世界！,301850,中二病也要谈恋爱吧
6774845,千年等一回,695599,全职猎人吧
7374908,属于骑士们的理想乡-你可曾看到，梦的延续.,444748,saber吧
10472731,笑看球场英豪，少年熊霸天下,404193,不二周助吧
15295535,我不断地检索，活着的狮子在哪里,694086,数码宝贝吧
5364234,诚字旗下，英魂永存。,171811,薄樱鬼吧
16498709,当科学与魔法交织之时，故事即将开始,698172,魔法禁书目录吧
6603200,南风知哀意，吹梦至江原。,315503,柯哀吧
3577774,从邂逅到熟知，我们一直在,192447,会长是女仆大人吧
4535654,此间少年，你我共守。,314835,工藤新一吧
3145622,红龙欧派历险记&白龙T部异闻录,137102,highschooldxd吧
22562815,当时代需要时，假面骑士一定会再度出现。,902869,假面骑士吧
907637,永远的纯情，永远的罗曼史。,116802,纯情罗曼史吧
1009432,光越强，影子就越深,117620,黑子哲也吧
2035157,比凡多姆海恩宅邸更温暖的家,187346,塞夏吧
6451956,侠岚粉丝永远的家，我们一起见证侠岚奇迹。,126508,侠岚吧
1037463,土方×银时，欢迎和副长一起放弃治疗,91710,土银吧
2021201,你是我今生的物语，是我不曾听闻的传奇,209322,鲁鲁修吧
560603,由Robico原作日漫，后改编成动画及真人电影,82306,邻座的怪同学吧
1513223,A chain of stories about OUR distance.,116042,秒速5厘米吧
4333182,樱花庄中绽放的笑颜，完全不落于盛开的樱花,220283,樱花庄的宠物女孩吧
2396766,三年刊少年JUMP绝赞好评连载中-▽-】,140798,猎人吧
8366525,隐藏着星星力量的樱迷啊，封印解除。,161126,百变小樱吧
7241296,一个让人成长的地方,127563,只有神知道的世界吧
3085919,你们在一起，无论多高的地方都可以到达,144017,冢不二吧
2919465,土地神少女与傲娇狐狸相爱的故事,286544,元气少女缘结神吧
1158355,古风演绎贴吧致力做演绎界的净土。,96296,古风演绎吧
3202479,人性与人性的碰撞，近未来新警察群像剧。,135632,psychopass吧
2680267,教你如何做“梦想”味道的蛋糕,74198,梦色蛋糕师吧
8484920,欢迎加入后宫计划~~,257175,tolove吧
4987834,这里是病娇的世界，雪辉由我来保护！,197048,未来日记吧
5270629,虽然笑着道别，但我们的心将永远在一起。,182924,大剑吧
14990713,塑料小人偏执狂的宅魂燃烧处,1141096,手办吧
2296366,什么都无所谓只想在你身边,128645,好想告诉你吧
31487176,讨论TypeMoon作品Fate系列及其他,929786,fate吧
3280118,很久很久以前，有一个心地非常善良的年轻人,114406,魔王的父亲吧
14037173,只要宝可梦在身边，一切都会迎刃而解,459274,宠物小精灵吧
1957252,教团诺亚爱恨久，假发读者恩怨深，横批填坑,146702,驱魔少年吧
2611458,青の祓魔師TV动画再始動！2024年放送,122211,蓝色的除魔师吧
2805537,欢迎来到钢吧！这里是钢炼的世界,202152,钢之炼金术师吧
4237379,龙与虎的粉丝同好会,142269,掌中萌虎吧
991977,踏上成为漫画家之路,45853,食梦者吧
642211,眼前所见，并非己所知！,69214,绝园的暴风雨吧
5280098,找到和自己一样的星，把通往的路自由照亮吧,162527,星游记吧
2701190,我们的梦想不再是无稽之谈。,105526,暴走邻家吧
1798488,爱上这部经典影片，让我们与千寻共同成长,147355,千与千寻吧
1062018,可攻可受会卖萌的兔斯基，你值得拥有~,45124,兔斯基吧
6757015,二次元·百合动漫·讨论吧,557654,百合吧
1999882,悟景于华美之巅,83565,迹部景吾吧
1872491,キスよりすごい音楽を、君に捧げよう,93813,歌之王子殿下吧
492489,《未来都市NO.6》宅腐一家亲~必再相会！,56412,no.6吧
3174784,为了追寻那唯一的光，现世之章再临！,84468,加油大魔王吧
1480542,KHR六道骸X云雀恭弥CP同好集合地。,70104,骸云吧
1816333,阿拉丁、阿里巴巴与一千零一夜。,138994,魔笛magi吧
5868065,念桔梗 会此地 一花一世界,553075,桔梗吧
4048629,そう、私は死を呼ぶもの,149929,这是僵尸吗吧
2885940,残念的友少爱好者的线上集合交流处。,134428,我的朋友很少吧
4268401,人偶党集结地,131327,蔷薇少女吧
3718885,一座白色移动冰山和一群困在冰山上的人,201042,杀生丸吧
6146077,感谢你我在这里相识，我爱罗吧，大爱无疆。,134607,我爱罗吧
1619688,朋友听说过相爱相杀典范吗,171581,静临吧
4020339,推理的日常，朦胧的恋情，蔷薇色的青春。,255985,冰菓吧
1662564,伏见猿比古X八田美咲  猿美幸福安心委员会,164087,伏八吧
2804985,由心热爱路飞笑颜的基友们的欢乐大家庭,169694,路飞吧
3349260,海贼王人物——索隆の百度之家。,167072,索隆吧
2425448,啊，大海，美丽的海，迷人的海,245806,海绵宝宝吧
1984173,沉溺于罪恶的灵魂啊，死一次如何？,139366,地狱少女吧
3175068,负债管家后宫史,86707,旋风管家吧
4542148,这一切都是命运石之门的选择！,285399,命运石之门吧
1389108,光天化日秘密群聚！池塘何苦横尸遍地？！,83425,云雀恭弥吧
3772086,"双月下的奇幻之旅,吾之荣耀是为彼之利剑！",149878,零之使魔吧
1038514,就算没有时光机，我们也能在一起,80014,黄黑吧
2838382,平地生秋兰，阴阳玉手间。,216930,少司命吧
10338832,各种神话穿越，唯一女生~浪漫之旅由此开始,159713,浪漫传说吧
2276402,网球，就是我自己！,97407,幸村精市吧
3210270,作为一只乌鸦，足矣。,107689,热血高校吧
788859,贯穿我等青春并可能陪伴我等到死的漫画,62787,skip吧
3188902,一辆百撞不坏的单车与一个百折不挠的少年,83260,流川枫吧
2027997,欢迎来到修罗神佛的世界——箱庭,98986,问题儿童都来自异世界吧
1772482,嘿大家好！欢迎入驻美型吧233,63476,美型妖精大混战吧
21309987,DAL吧，小清新与大绅士线上交流集会处。,642559,datealive吧
1489221,Soul Eater与动漫爱好者论坛,56895,噬魂师吧
2446203,胜固欣然，败亦从容,88052,容止吧
957090,微动画啦啦啦德玛西亚粉丝交流天地,58790,啦啦啦德玛西亚吧
2538929,车田正美老师代表作，欢迎各位喜欢圣的到来,156761,圣斗士星矢吧
1439783,说到做到，笔直向前。贯彻我之忍道。,217899,鸣人吧
1242124,丧尸求生路，有血有肉有后宫！,67666,学园默示录吧
1080565,干死高中生的理事长!,55774,男子高中生的日常吧
3997011,漫画《穿越西元3000后》专属吧,92427,穿越西元3000后吧
1325025,天衣有风小说《凤囚凰》书友会,92504,凤囚凰吧
1539257,无冕之王黄濑凉太同萌聚集地?,102831,黄濑凉太吧
1813378,探寻食材，惊喜连连！,160180,美食的俘虏吧
2119989,物语系列大本营,104734,化物语吧
1020451,玖兰枢粉丝的有爱聚集地,59197,玖兰枢吧
2827041,每隔333年，当远天战歌响起，魁拔归来…,298015,魁拔吧
893049,动画《福音战士》系列讨论聚集地.,95226,新世纪福音战士吧
1495145,目指center 直击王座,51768,akb0048吧
1526185,私の心臓、どうぞ私と一緒に未来へ。,80652,gosick吧
989810,《吸血鬼骑士》同人CP【玖兰枢×锥生零】,88933,枢零吧
646347,kufufufu 我从轮回的尽头回来了,46743,六道骸吧
2469742,"羞颊蓝发绕指柔,颦眉白眸挥掌烈。",177683,雏田吧
2148018,赤司征十郎吧欢迎各吧友来玩~,127862,赤司征十郎吧
397903,这是热爱会长的亲们的欢聚圣地w,41044,会长是女仆吧
5313558,中文同人界佐樱爱好者之家，同人与讨论并重,113355,佐樱吧
1888417,The realm of Athena！,55016,冥王神话吧
2434843,钻石切割钻石,230138,快新吧
430618,这里是聚集起我们对XS的爱的地方，欢迎你~,46365,xs吧
1525554,银魂中冲田总悟与神乐的CP——一切因为爱。,95425,冲神吧
941391,有萤火落入那年夏季的森林,107395,萤火之森吧
2630537,有汝的旅途，就不会寂寞,81221,狼与香辛料吧
2646697,指尖春色，点亮晨光。,94125,春野樱吧
2715369,蝙蝠侠相关粉丝原创与交流地~,242804,蝙蝠侠吧
3670098,美漫爱好者的聚集地最大的美漫综合主题贴吧,263699,正义联盟吧
2230858,相伴一生，爱鼬永恒！,179953,宇智波鼬吧
2979854,这里每天都有无聊的人在进行着欢乐的对话。,43345,碧阳学园学生会议事录吧
793952,家庭教师GiottoX沢田纲吉耽美同人贴吧,64812,g27吧
1368145,坂田银时の后宫！斩不断的情敌间的羁绊！,89929,坂田银时吧
3149213,有爱热闹团结的妖尾同人夏露吧欢迎你的加入,88081,夏露吧
468853,最治愈的动漫，拥有最强大的声优阵容！,46018,白熊咖啡馆吧
5240782,LB爱好者之家,56838,littlebusters吧
1020673,契约者们交相辉映的虚夜舞台！,65836,黑之契约者吧
2104392,"火鳳燎原終結日,家祭毋忘告乃翁。大家小心!",83264,火凤燎原吧
2560998,欢迎来到黄金魔女的黄金乡,54262,海猫鸣泣之时吧
1069562,世界上的另一个你，你是否也在寻找？,92223,nana吧
1148537,青涩于情谊，夹在青春与谎言间的修罗场！,137911,夹在我女友和青梅竹马间的各种修罗场吧
1062471,boy meets 邪神 恋爱和喜剧之间夹杂着艺术,63477,潜行吧奈亚子吧
1443551,通灵王贴吧，内有大量通灵王的相关信息,59893,通灵王吧
1907518,沉浮堪，动情娴。笛声然，淡笑嫣。,50834,石兰吧
2516341,欢迎来到百度小女神花铃吧欢迎大家！,49716,小女神花铃吧
892469,用你善于洞察的双眼，破解事情的真相。,126080,侦探吧
597317,欢迎来到火神大我X黑子哲也CP同好交流区！,58275,火黑吧
1970725,愿识志合者，白眉故如新。,98099,新志吧
1561668,高达seed系列作品讨论区,63127,高达seed吧
2420007,The Death And The Strawberry,93184,一露吧
1526384,本动漫描述了大家的赛车梦，让人热血沸腾！,119331,头文字d吧
825281,不要轻易相信他人，人类会背叛人类。,50284,无法逃离的背叛吧
1215460,钉宫病患聚集地,61811,钉宫理惠吧
1238139,我是惡魔，也是名執事。,69446,塞巴斯蒂安吧
964341,宇智波鼬x宇智波佐助。简称【ItaSasu】,63261,鼬佐吧
1836623,轮之初现，共谱狂欢的诗篇。,75082,karneval狂欢节吧
1154616,欢迎来到感情的创世へ,60236,境界线上的地平线吧
2776266,以木头的意志，把世界的妹子！,66419,infinitestratos吧
420824,贝弗相关同人图文有爱聚集地w,40847,贝弗吧
1051758,型月之一的空之境界,101709,空之境界吧
2403551,我相信你，因为你是我喜欢的人。,39245,唯梦吧
630796,DinoXHibari~DH一生推！,34458,迪云吧
169271,天然尼桑鬼畜弟，卖萌人妻亮晶晶,51017,雪燐吧
2532701,杀生丸与铃，相连的羁绊与相牵的命运。,92560,杀铃吧
1904100,无论今后怎样，我们永远爱你,83995,鼬吧
2390051,Peace can be achieved by understanding.,83541,高达oo吧
1495307,这里是特拉法尔加·罗的潜水艇，欢迎上贼船,64240,特拉法尔加·罗吧
2035596,月之沙漠，日之甘霖，希尔杜与莲音。,58207,月莲吧
616635,绅士的后花园，萝莉即使正义！,34144,织田信奈的野望吧
1213936,支持漩涡鸣人x宇智波佐助，不拆不逆,162101,鸣佐吧
502785,爱动漫爱乙女游戏者的领域,44393,失忆症吧
228975,友情与爱情的模糊，光明与黑暗的融合,53080,鼠苑吧
1138104,九十吧欢迎你 这是个有爱的地方,44906,九十吧
770692,K周防尊×宗像礼司同人集散地,49111,周宗吧
549874,漫画家夏达作品《长歌行》同好聚集地,58437,长歌行吧
1657020,数码兽系列作品粉丝交流地！,90279,数码暴龙吧
1439816,Make Prism Show Great Again.,41621,美妙旋律吧
3044484,萌哒哒的战车道，萌哒哒的炮友！,107988,少女与战车吧
2304596, 为了爱与梦想,34321,魔角侦探吧
2037957,看来我们的相遇，并非偶然。,50045,星魂吧
849379,Everybody loves somebody.,58153,玉子超市吧
1188979,少年少女们梦想的羁绊,43895,花牌情缘吧
2809932,运筹帷幄之中，决胜千里之外。,121541,秦时明月张良吧
1164679,在意的那家伙是披风控。欢迎加入润吧大家庭,53815,福山润吧
856167,打开大腿俱乐部,41012,云纲吧
854214,杯友交流聚集地，这里有你想要的圣杯！,101060,圣杯战争吧
1099355,任何人都有变得幸福的权利。,68309,秋蝉鸣泣之时吧
2551654,代表月亮消灭你,157299,美少女战士吧
2905443,爱棋魂，有爱的魂迷窝窝,90911,棋魂吧
4782705,纯白的天使，在此时此刻，降临于此。,125523,立华奏吧
998615,弘扬忍迹，藿香正气,41867,忍迹吧
606242,全金属狂潮第四季！4月13日开播！,45279,全金属狂潮吧
2169487,簡称果吧。,38303,果宝特攻吧
608719,原作者青山刚昌,57378,魔术快斗吧
2370659,约定在樱花开放之际,70486,彩云国物语吧
1685586,三月和四月的CP贴吧。,44874,三四吧
1188980,十年浪客，依然剑心。流浪人温暖的家。,54476,浪客剑心吧
1690092,在最好的时光定格，只属于你的永无乡。,111182,流花吧
2543734,感谢有你，青空之下，爱与感动的盛夏物语。,79720,air吧
965197,和平有爱轻松百合~轻百合饭的乐园,58691,摇曳百合吧
876386,幻梦终醒 本无不散之宴 却不悔 付此华年,63712,花泽香菜吧
649941,国内著名漫画家韩露作品《艳势番》。,32417,艳势番吧
1146920,让《天行轶事》的读者友好的进行交流的地方,73405,天行轶事吧
321418,家庭教师杀手reborn 山本武x狱寺隼人 ,31432,山狱吧
607337,守护佐鸣，SN亲卫队参上！,35666,佐鸣永恒吧
569764,campione小说 神话由你交流,32707,campione吧
742789,《偷星九月天》九月×十月的CP贴吧。,29397,偷星九月天九十吧
350004,夜伊同好们的交流地~,43778,夜伊吧
1835435,《黑塔利亚》阿尔弗雷德×亚瑟柯克兰,108309,米英吧
849918,家教同人的创作平台。家同，同一个家。,46705,家庭教师同人文吧
2199681,《神秘星球孪生公主》中希尔杜X法音,46987,法希吧
629435,小哔窝~土方十四郎总受中心~,44066,all土吧
876120,我的“转世”恋爱物语果然有问题o(*≥▽≤…,36253,九九八十一吧
235956,笨蛋妖怪和纯良主人的有爱日常,60080,斑夏吧
2519239,大明后宫，复古演绎贴吧,37324,大明后宫吧
8875587,曾经的记忆已变为漫漫严冬 你愿坚守相伴吗,72278,开心超人吧
1021401,无论做了什么都会被原谅，因为妾身太美了！,45529,女帝吧
2886870,本吧是国产动漫尸兄的官方贴吧！,206415,尸兄吧
1415961,无法随之改变的是染在兵器之上的鲜血。,27490,战斗装甲钢羽吧
1103329,愿神保佑你 来到神幻吧的迷途羔羊们,36894,神幻拍档吧
5828711,勇于突破极限，追寻梦想之路！,59984,小心超人吧
2270346,纯白色的结姬学园，充满日常的每一天~,48765,纯白交响曲吧
2286200,魔炮党的大本营，爱与勇气的SLB在等着你~,56919,魔法少女奈叶吧
1694378,《黑子的篮球》同人CP【赤司×黑子】贴吧。,112423,赤黑吧
1318994,游戏王zexal动画讨论贴吧，也有卡牌讨论,52368,游戏王zexal吧
1195876,一个突吻引发的曲折离奇、爱恨情仇的伦理番,106889,schooldays吧
209138,喵了个咪,22286,贫乏神来了吧
376915,高杉晋助与桂小太郎的CP吧,29303,高桂吧
1532961,穿越百年时空 只为与你相遇,72026,犬薇吧
816450,あなたにご縁があらんことを～,78978,神谷浩史吧
209308,本吧致力于打造大型社区，欢迎各位来此讨论,43346,监狱兔吧
186303,好きっていいなよ——只有你让我奋不顾身。,21207,只要你说你爱我吧
1032375,只要有人依赖我，化身恶魔我也在所不惜。,39717,妮可罗宾吧
765991,泛ACG相关讨论贴吧 ,34523,魔法少女爱吧
899052,此生最美丽的邂逅！,56233,石田彰吧
1038383,网王同人吧,51968,网王同人吧
299762,杉田病患者聚集地,32818,杉田智和吧
731899,これこそ、真の愛ですわ！,66402,花吻在上吧
6166474,我们的灵魂流浪了数万年，或许只为在此相遇,753945,jojo奇妙冒险吧
1287005,和我们双子星公主一起去拯救这个星球！,11363,双子星公主吧
299770,欢迎回来 回到您灵魂归属的国度 嗯我回来了,23288,今天开始做魔王吧
358164,蝉是我的，小龙虾是我的，阿哲也是我的。,47125,青黑吧
6383660,这么可爱一定是男孩子,360704,女装子吧
340240,都市时尚情感剧中国版欲望都市泡芙小姐,31643,泡芙小姐吧
3726929,霜雪明，照流星；千古事，任侠行。,68748,虹猫蓝兔七侠传吧
1968248,2018，新动画封印解除！,241995,魔卡少女樱吧
883848,我们都喜欢《十字架与吸血鬼》,49883,十字架与吸血鬼吧
579810,From The New World,42058,来自新世界吧
254469,国内原创悬疑推理小说平台！,33406,必须犯规的游戏吧
615399,你知道拉普拉斯之盒吗？,32210,高达独角兽吧
1311632,"The last story,the first love",80157,鸣雏吧
547102,我坚信我们终会相见，在那不久的将来。,21356,2727吧
843820,王者柔情 红颜傲骨,24186,羽兰吧
25394609,变形金刚，变形人生，变形：你、我、他。,324555,变形金刚玩具吧
1955758,热衷于关于芭比的任何事物与话题,156268,芭比吧
420376,选举的季节，笑与泪的恋语，巧克力味的幸福,29091,恋爱与选举与巧克力吧
1862980,百花仅杀薇独香。,60215,杀薇吧
1887073,风云,90425,风云吧
565613,不二前辈和越前少年的圆舞曲,27198,不二越吧
364202,【陪伴 是 最长情的告白】,26165,骸纲吧
1383570,节超茜奉，腻歪晶生，百度晶茜吧等你掉坑,73288,晶茜吧
2731543,一个寻找美好记忆的乐园。,48823,rewrite吧
1125047,乡村爱情故事-东京爱情故事-夫妻成长日记,28626,有你的小镇吧
436883,三个人的命运铸成历史,13719,高达age吧
664334,甜心格格欢迎大家,23877,甜心格格吧
1143360,CP贴吧.写文为主.欢迎加入噢=v=,25240,虹蓝恋吧
919059,赌上爷爷的名声，挖掘隐匿的真相,48326,金田一吧
283204,让你了解更多动漫加菲猫的网络家园,99712,加菲猫吧
280353,红皇后与鸢骑士的舞曲  这里是美好的紫赤吧,28054,紫赤吧
464781,相遇的奇迹，微笑的传递，旅途中与你同行。,50607,宫野真守吧
924042,坂田银时总受爱好者集体掉节操填脑洞之地。,45460,all银时吧
1393716,鬼谷纵横  捭阖第一,47467,卫聂吧
848341,用文字还原心中所爱,43391,语言cos吧
447331,☆欢迎新人到来，欢迎老人回家★,39316,小野大辅吧
488261,力量与勇气！为了贯穿正义之信念,21109,史上最强弟子兼一吧
324181,未来永劫，我来保护你。,20319,陆雪吧
254531,真情幸意，真幸永恒。,36570,真幸吧
505706,动漫《犬夜叉》最萌cp--杀生丸×犬夜叉,44132,杀犬同人吧
438257,鹡鸰少女撞倒重考青年，开始崭新的神话战纪,22765,鹦鹉女神吧
801876,唠唠叨叨懒懒散散地爱着仙流……,65243,仙流吧
309185,大江户青葱种植基地,20183,青葱吧
10568174,实现吧！我们的梦想！,522679,lovelive吧
4382217,我是你的剑，一切如你所愿,117262,精灵使的剑舞吧
500402,姬小路家的日常,25240,就算是哥哥只要有爱就没问题对吧吧
2514312,可儿娃娃，中国娃娃。十年美丽，感恩有你,142820,可儿娃娃吧
315584,白兰与入江正一的CP贴吧,18421,白正吧
30444,喜爱宵风X六条壬晴的CP的吧亲聚集地,13513,宵晴吧
493669,日本著名声优樱井孝宏,39882,樱井孝宏吧
509764,魔王与魔女的童话，不一起来见证吗,21213,lc王道吧
429572,与你清淡执柔。,19109,蜜枣吧
917152,圣诞夜的各种甜蜜的爱情,33169,圣诞之吻吧
305544,喜歡《最強會長黑神》的吧友組成的貼吧,22168,最强会长黑神吧
521401,百度kirarin☆revolution吧欢迎你~,29687,kirarin☆revolution吧
343258,反逆白黑cp 枢木朱雀x鲁鲁修,40635,朱修吧
459227,《火影忍者》宇智波佐助X漩涡鸣人CP贴吧,31171,佐鸣之恋吧
713217,DN腐向CP【夜神月xL】不死不休下的禁断之恋,29645,月l吧
917193,让萝莉控燃烧起来的动漫,42103,loli的时间吧
389842,好奇怪 再见到底是约定还是告别,74220,小梦吧
1148077,冰淇淋虽然冷淡，但却是甜的哦。,43676,快青吧
252435,2013年1月番の贵圈真乱,12671,q弟侦探因幡吧
635246,喜欢绯鞠？静水久？玖惠澄？玉藻前？优人？,41550,猫耳属性吧
123432,欢迎加入向日葵的大家庭!爱生活，爱阿光!,19712,绿川光吧
204111,SCI谜案集读者聚集地 ,45708,sci谜案集吧
203379,「薄桜鬼」系列遊戲中衍生的BL配對,10621,冲斋吧
223794,《驱魔少年》神田优X亚连·沃克CP同好俱乐部,16624,神亚吧
337891,青峰大辉×火神大我的CP贴吧,28220,青火吧
690948,网球王子中越前龙马为受耽美粉丝聚集地,43690,all越王道吧
124837,双生羁绊，生命共体,16706,光馨吧
547316,銀魂世界的恰克與飛鳥(完美的組合),22734,银神吧
537350,骑士与剑士的羁绊，sanjixzoro同人贴吧,20293,香索吧
1160754,以闪光的明天为目标，为我们的梦想而奔跑！,57817,四驱兄弟吧
866676,kof拳皇全系列综合性玩家贴吧,48155,kof吧
192635,欢迎来到河童吧,11619,河童吧
579760,Lx夜神月  侦探与KIRA之间的爱意与杀意,33019,l月吧
515485,海贼王索路CP爱好者集聚地,25036,索路吧
937048,一个由热爱HT的旋风岛民构成的集体!,30191,幸福小镇吧
103656,,15647,spec吧
293960,我有你在，你有我在。,20143,高银吧
62760,,25026,佐鸣漫画吧
159404,冢越同人贴吧,19499,冢越吧
191930,夏露灰安都是浮雲，灰夏才是王道！,13792,灰夏吧
4253624,bjd圈对战专用贴吧，D娘勿入,171621,bjd吐槽吧
811672,秦时明月系列第五部君临天下交流聚集地~,69697,秦时明月之君临天下吧
439681,且看七怪在漫画的世界里，生死中演绎爱与恨,58268,斗罗漫画吧
629283,小野神谷CP吧~讨论相关同人漫画见面会JQ…,37837,野神吧
385566,手办制作技术交流的前沿,138556,手办原型制作吧
556705,黑瓶俩只的各种故事,38275,黑瓶吧
145972,魔王與勇者攜手改變世界,18658,魔王勇者吧
230869,歡迎到季封村一遊，品味深秋的濃厚物語。,24530,绯色の欠片吧
253304,就算是兄妹只要有爱就可以了吧╮(╯3╰)╭ ,28807,双神吧
1141657,只要有你们在的话什么事都能做到。,23000,斗龙战士吧
231012,我来当你的将领，你来当我的左手,17996,银桂吧
664668,月影曼妙两心知，相思不过三舞情。,29750,三舞吧
96835,百度lenfried粉丝同好，我们最喜欢lenfried,27996,lenfried吧
265914,Kanokon≠H漫 ,38581,我的狐仙女友吧
102926,委员长与兔子的窝,17509,1827吧
674533,能够在这冰结领域中战斗的只有圣痕适格者！,30303,零度战姬吧
537432,火影忍者寧次與雛田戀愛成就應援地,25402,宁雏吧
427783,高尾X绿间同人贴吧  板车党的乡村爱情净土,53689,高绿吧
97252,鬼畜X家畜,9317,里蓝吧
222031,头发的颜色搭配起来是番茄炒蛋~,19109,我鸣吧
188283,日本系列动漫《人鱼的旋律》相关交流。,16288,人鱼的旋律吧
185318,爱一护，all一集中地,15192,all一吧
101600,再强大的魔具也比不上你重要——不破真广。,15734,真吉吧
466484,灰X露西：我对你，不止是一点动心。,20385,灰露吧
202875,《黑篮》中奇迹的世代X黑子哲也的CP贴吧,36960,奇迹黑吧
396998,史上最有夫妻相的呆毛樱和忠犬狼,29099,樱狼吧
332900,让大家看到《强殖装甲》的大结局吧！,28330,强殖装甲吧
102117,颓靡一堵墙，难怯众人心,12569,紫禁吧
324357,只要关注all黄吧，美美凉太领回家！,33207,all黄吧
202209,《未来日记》秋濑或×天野雪辉,16028,或雪吧
700687,APH的本田菊×王耀CP，zz自重，请去灌水楼。,54245,菊耀吧
75994,伞下故人轻叹 悠悠东方之森,33269,的夏吧
486444,电视剧迷们的聚集地,24904,神探伽利略吧
24860,Bunny推倒Tiger的吧,16460,兔虎吧
329280,《秦时明月》耽美同人CP  白凤x盗跖  ,19010,凤跖吧
211279,BLEACH中乌尔奇奥拉与织姬的心之归处,13536,乌织吧
208854,"樱花的邂逅,相拥的美满,爱与浪漫的恋人物语",33635,公主恋人吧
1228383,喜欢并支持坚守这对火影CP的百度贴吧,33808,鸣樱吧
2560527,大家都是好朋友！Wonderful！,50630,光之美少女吧
329721,九阳清风微徐晓，琉璃耀目沐暖阳。 ,16562,九琉吧
159663,あべ美幸描绘下的命运浪漫谭,19521,东方八犬异闻吧
1194434,Forever with B.A.P?,15118,bap王道吧
532791,纯血禁断控的有爱小窝,17453,枢姬吧
790402,飞佛粉丝聚集地,21778,飞哥与小佛吧
194863,凤梨不是你想泡，想泡就能泡~,14366,白骸吧
2261816,讨论新著龙虎门为主的港漫贴吧,45456,龙虎门吧
1003959,all耀吧欢迎您，发帖前请先看置顶哦www,55371,all耀吧
899219,偷星九月天三四校园文吧,13213,偷星九月天三四校园文吧
878308,喜爱鹿鞠的二次元大家庭,28991,鹿鞠吧
466802,Atobe Keigo与Tezuka Kunimitsu,16214,双部吧
963392,ALL樱王道！姑娘最高！欢迎互相勾搭！,22831,鼬樱吧
700784,孤剑浮沉，镜湖缘契。叹乱世，久别何复会？,18793,聂蓉吧
473892,猫和老鼠，童年伙伴，他们的冒险依然进行中,104237,猫和老鼠吧
950204,爱历史爱王者爱江山也爱美色～王者天下吧,55286,王者天下吧
510727,我们的家，一堆有爱的水货,8640,宫锁珠帘cos吧
100033,不是爱也不是恨，是爱恨都无法企及的羁绊。,16378,临静吧
1480550,Kid the Phantom Thief And The Angel,50503,快兰吧
182220,我叫夏目贵志，能告诉我你的名字吗？,51817,all夏目吧
484524,Asuka Mishima,24490,御岛明日香吧
1733732,以分析和资讯为主,73994,柯哀分析文吧
254046,D兄弟爱好者的聚集区。,26761,艾路吧
1896195,流川枫X灰原哀  为枫而疯·为哀而爱,22979,枫哀吧
952104,橘子装进草帽里，指针偏向我心底,34942,路娜吧
1152426,这世间的污秽，我们那真挚的感情能够化解…,30923,秽翼的尤斯蒂娅吧
6107455,手拉手在圆圆的地球上一起煮幸福的PASTA吧,242906,黑塔利亚吧
366030,西夏丰华，不比君，勾唇捋发。,19559,雨化田吧
226074,这里是狱纲同好聚集地！希望大家感到舒适?,18349,狱纲吧
394322,菜鸟与大神齐飞  理论共实战一社,80008,数独吧
1110878,欢迎爱凪璃的你们,16438,凪璃吧
226854,以眼还眼以牙还牙，此乃爱与正义的制裁之地,10826,不存在的人吧
471550,和仔粉丝的聚集地，一起关注漫画最后的高潮,20351,封神纪吧
297161,秦时明月人物——少羽X天明的CP贴吧,20092,秦时—羽明吧
2382717,欢迎来到魔劣吧，要注意吧规喔！,121763,魔法科高校的劣等生吧
1366419,数昔日春花，盼明日再会。,203061,剑风传奇吧
294606,南家三姐妹的日常生活，请不要过度的期待。,19084,南家三姐妹吧
314147,萝莉和妹妹都是稀有资源！需要珍惜！,19296,无赖勇者的鬼畜美学吧
545583,我们都是毛皮族！嘎鲁丘~,39733,all路吧
99900,,18573,蝎迪吧
161455,让我们一起等待团长和酷拉的归来~,19036,团酷吧
517657,并肩同行之人，年华永慕之人,30835,宁天吧
498113,独一吾二,19096,迹不二吧
2398271,~这儿不是贴吧，是我们的家~,46220,伽小吧
1028710,LOLITA FASHION洋装交流贴吧,111237,有米的日子吧
60559,,7232,变异杀机吧
814159,关于路明非和零的一切。,17193,路零吧
239161,以手冢国光和不二周助为cp的同人贴吧,12376,冢熊吧
221660,等你快点长大，我就会回到你身边,5340,几梦吧吧
232433,【兄弟年下相爱相杀】,27002,泽非吧
55287,,20736,杀犬吧
342706,球类运动锻炼身体,12730,平野绫吧
806876,最强的VG斗士们都汇聚在这里,40705,卡片战斗先导者吧
538729,《斗破苍穹》同人CP：药尘X萧炎,20025,尘炎吧
491952,半妖与巫女永恒不变的爱,18832,犬桔吧
166158,这些年，我们爱过的云骸,10524,云骸吧
281060,爱鼬哥，爱鸣人，温暖鼬鸣大家庭~,19492,鼬鸣吧
460654,~欢迎来到2.5次元·永远十七岁の乐园~,19396,堀江由衣吧
602821,属于腹黑知更鸟和蠢萌绿藻的恋爱狂想曲。,15671,索宾吧
335361,古不列颠及南苏美尔联合王国,22488,双王阵线吧
499928,死神同人:日番谷冬狮郎x黑崎夏梨,11069,白梨吧
192512,谁都无法介入他们那深深的羁绊。,15477,里纲吧
101465,家庭教师相关CP【六道骸×库洛姆】,10087,骸髑吧
756664,与君初相识，犹如故人归,18008,杀桔吧
186769,动漫作品《名侦探柯南》同人CP党聚集地,26687,平新吧
469593,豊崎愛生世界で一番可愛い,13362,丰崎爱生吧
3283,,9524,6918吧
682913,让我们在黑暗中探寻希望，创造光明,19777,武嘉吧
108724,为你、逆天又何妨,9267,蓝银吧
55941,少年同盟雙子CP同人貼吧,7946,悠佑吧
101891,,15616,白一吧
278217,日本著名男声优 诹访部顺一 的应援吧,18095,诹访部顺一吧
124407,从明天开始努力(=?ω?)=,10852,锁锁美同学提不起劲吧
281492,宙人×希良梨，有爱二次元，宙希一家亲~,10534,宙希吧
104946,世界を救うのはヒーローじゃない―オタクだ,8839,roboticsnotes吧
260288,小号的超长待机铸造柯兰CP的神话,22042,柯兰吧
115935,欢迎加入蹭得累爱好者协会＼(^o^)／,19212,中村悠一吧
223505,,8244,几梦文吧
663600,工藤新一X黑羽快斗的女性向cp贴吧~,46290,新快吧
224783,六番夫夫档~~红与黑的交织~~永远的王道官配,9933,白恋吧
234464,《黑塔利亚》仏X英同人交流 头像by一宫思帆,30531,仏英吧
518844,灰原哀的真龙天子是猪八戒，龙哀也是戒哀。,7439,龙哀吧
933318,有软妹有御姐有正太有大叔的推笔粉丝联盟。,22747,推理笔记吧
224899,来吧，一起进入遊佐浩二魅惑声音的世界~,14581,游佐浩二吧
759480,百合作品candy boy同好交流贴吧,21882,candyboy吧
394867,低调挡不住人气，治愈永远不过气,12970,能登麻美子吧
123720,偷星九月天官配cp玄月x沧月,10662,沧玄吧
64179,当那蛋蛋被摘除之时，故事就开始了！,7488,伊克西翁传说dt吧
377134,地雷、OK——!!!,56459,火星异种吧
190340,欢迎加入铃村健一小世界   (￣▽￣)／,15540,铃村健一吧
310620,兰，你是我一生中最美的风景。——新一,21595,新兰同人吧
250577,守护奇犽和小杰一生一世,28523,奇杰吧
696793,若有一天这里成为传说，我希望里面有你们,7730,非蜜枣吧
552696,如遇枫林晚，霜白叶红，春华秋实,20648,凤练吧
155388,蒹葭苍苍 白露为双 所谓伊人 在水一方,10169,白露吧
306256,少年们，一起成为快乐的油漆工吧！,95661,gk吧
244602,Ti amo & Ich LIebe dich,44025,独伊吧
337474,振兴民族精神·弘扬传统文化·复兴华夏衣冠,39511,汉服北京吧
157875,江户川柯南X灰原哀向，唯有柯哀点缀星辰！,17357,柯哀王道吧
74239,缘玉求木 潋滟三生,11211,潋玉缘吧
103629,身高不够一米七，吃吃米饭搞搞基。,10546,高威吧
61448,,3063,我女友与青梅竹马的惨烈修罗场吧
316195,九月夏夜的奇迹伴随着盛大的流星雨降临。,14807,偷星九月天九琉吧
407429,来到这里的非人类有糖吃^ ^,7263,龙梦吧
129311,[从未面对彼此而相会]——夜行动物同盟地,7076,葛乌吧
381751,一个温柔岁月，一个惊艳时光,25190,暗表吧
389659,无论小智在哪里，特制钓饵的红线就有多长～,13119,智霞吧
242524,王様X王子様：这不是很好吗,21021,迹越吧
69587,零：锥生零 & 姬：黑主优姬 forever >.<,13526,零姬吧
941851,穿越千年的哀愁 是你在尽头等我,16535,葳瑶吧
103733,茄子与大哥的温馨爱之小屋~,10782,茄冰吧
250763,高举蕉橘大旗的和谐有爱大家庭欢迎进来畅聊,18571,蕉橘吧
289056,and i'm home,11467,红蓝吧
181157,现在才发现，在我身边的 就只有你……,7767,真莓吧
1750400,欢迎来到梦三国荆州之战吧,36099,梦三国荆州之战吧
48624,,9331,6927吧
171190,百里屠苏×方兰生同人配对~欢迎同好们常驻~,15854,苏兰吧
45951,双黑的魔王与天使般的小王子的甜蜜爱情,12382,有保吧
372969,忍者神龟玩家交流官方吧,43157,忍者神龟吧
284297,爱葱蕉，爱生活。,8151,葱蕉吧
176058,尤斯塔斯·基德×特拉法尔加·罗,15551,基罗吧
272458,秦时明月CP良颜,17126,良颜吧
341309,爱妖尾爱灰安,15781,灰安吧
433232,火神大我总受吧！麻吉天使不可逆~,24637,all火吧
554476,若非曾有微光留驻，又怎会彻悟？,29632,奈桔吧
60076,奥州暴走族与上田小虎队不得不说的故事,8017,苍红吧
585590,喜欢枣梦喜欢水的米娜桑一起畅谈。,8720,枣梦吧
288897,all with Rukia,9031,all露吧
316917,我们不仅是黄金搭档，还是彼此的另一半翅膀,16974,花流吧
87810,日本声优森川智之的贴吧。,7890,森川智之吧
315541,为你穿上低跟鞋，拾起双手剑。,11642,夏伊吧
53220,这只是愉悦的言金。,15942,言金吧
95726,无搅基，不青春,15160,下一站巨星吧
295970,幸而有你，独一不二。,22926,幸不二吧
53779,名取周一与夏目贵志cp吧,22237,名夏吧
477163,"Wherever you go, I will follow.",25349,索娜吧
280950,Salia顽张!普通人努力家包括我梨的映照,10115,喜多村英梨吧
105909,金剑金大法好，分分钟教做人,16013,fate双王吧
195922,萌萌的哉叔在这里等你哟~~,10204,中井和哉吧
171390,梨园脂烫，易一折求凰 ,50647,启红吧
142412,木叶村的稻草人与小海豚之間的小故事。,12023,卡伊吧
107941,追逐与守护，辉煌绝美的爱，尽在银菊吧！,6880,银菊吧
123811,无法逃离的背叛中人气CP【焰得愁心】,8308,焰愁吧
568679,Milo&Camus--永恒的青蓝爱,13305,米妙吧
383709,KAJI病收容所。。欢迎加入进行病情交流。。,30515,梶裕贵吧
161271,心之王道，唯我冢迹,10363,冢迹吧
178470,琴浦春香，一直都在。,10059,琴浦小姐吧
146060,宗情与你，恋律倾心。,16025,宗律吧
748859,登上舞台吧！少年少女们！,13448,瞬遥吧
448997,一个与星神们一起保卫宇宙和平的热血故事,9601,宇宙星神吧
415559,百度蝎樱吧，同萌人士集聚地,11265,蝎樱吧
310109,问苍茫大地谁主沉浮？数风流人物还看今朝！,12206,天子传奇吧
86714,BL沙莩党小窝，吐槽千年欢乐多,5319,沙莩吧
82330,「K」同人CP周防尊X十束多多良,12620,尊多吧
108180,这里是妖精的尾巴纳兹X格雷[夏X灰]的贴吧,15070,夏灰吧
206585,《守护甜心》中的CP几斗×歌呗的fans聚集地,5225,几呗吧
279948,探索灰原哀与猪八戒的爱情，就是探哀。,10584,探哀吧
